brand_name,brand_name_with_no,model,price,avg_rating,5G_or_not,processor_brand,num_cores,processor_speed,battery_capacity,fast_charging_available,fast_charging,ram_capacity,internal_memory,screen_size,refresh_rate,num_rear_cameras,os,primary_camera_rear,primary_camera_front,extended_memory_available,resolution_height,resolution_width
apple,apple (46),Apple iPhone 11,464,7.3,not support,bionic,6,2.65,3110,0,0,4,64,6,60,2,ios,12,12,0,1792,828
apple,apple (46),Apple iPhone 11 (128GB),560,7.5,not support,bionic,6,2.65,3110,0,0,4,128,6,60,2,ios,12,12,0,1792,828
apple,apple (46),Apple iPhone 11 Pro Max,1308,7.7,not support,bionic,6,2.65,3500,1,18,4,64,7,60,3,ios,12,12,0,2688,1242
apple,apple (46),Apple iPhone 12,619,7.4,support,bionic,6,3.10,2815,0,0,4,64,6,60,2,ios,12,12,0,2532,1170
apple,apple (46),Apple iPhone 12 (128GB),667,7.5,support,bionic,6,3.10,2815,0,0,4,128,6,60,2,ios,12,12,0,2532,1170
apple,apple (46),Apple iPhone 12 (256GB),810,7.6,support,bionic,6,3.10,2815,0,0,4,256,6,60,2,ios,12,12,0,2532,1170
apple,apple (46),Apple iPhone 12 Mini,488,7.4,support,bionic,6,3.10,2227,0,0,4,64,5,60,2,ios,12,12,0,2340,1080
apple,apple (46),Apple iPhone 12 Mini (128GB),548,7.5,support,bionic,6,3.10,2227,0,0,4,128,5,60,2,ios,12,12,0,2340,1080
apple,apple (46),Apple iPhone 12 Mini (256GB),667,7.5,support,bionic,6,3.10,2227,0,0,4,256,5,60,2,ios,12,12,0,2340,1080
apple,apple (46),Apple iPhone 12 Pro (256GB),1427,8.0,support,bionic,6,3.10,2815,0,0,6,256,6,60,3,ios,12,12,0,2532,1170
apple,apple (46),Apple iPhone 12 Pro (512GB),1665,8.0,support,bionic,6,3.10,2815,0,0,6,512,6,60,3,ios,12,12,0,2532,1170
apple,apple (46),Apple iPhone 13,750,7.9,support,bionic,6,3.22,3240,1,20,4,128,6,60,2,ios,12,12,0,2532,1170
apple,apple (46),Apple iPhone 13 (256GB),869,7.9,support,bionic,6,3.22,3240,1,18,4,256,6,60,2,ios,12,12,0,2532,1170
apple,apple (46),Apple iPhone 13 (512GB),1095,8.0,support,bionic,6,3.22,3240,1,20,4,512,6,60,2,ios,12,12,0,2532,1170
apple,apple (46),Apple iPhone 13 Mini,773,7.9,support,bionic,6,3.22,2438,1,20,4,128,5,60,2,ios,12,12,0,2340,1080
apple,apple (46),Apple iPhone 13 Pro,1427,8.3,support,bionic,6,3.22,3095,1,20,6,128,6,120,3,ios,12,12,0,2532,1170
apple,apple (46),Apple iPhone 13 Pro (1TB),1761,8.4,support,bionic,6,3.22,3095,1,20,6,1024,6,120,3,ios,12,12,0,2532,1170
apple,apple (46),Apple iPhone 13 Pro (256GB),1546,8.3,support,bionic,6,3.22,3095,1,20,6,256,6,120,3,ios,12,12,0,2532,1170
apple,apple (46),Apple iPhone 13 Pro Max,1546,8.4,support,bionic,6,3.22,4352,1,20,6,128,7,120,3,ios,12,12,0,2778,1284
apple,apple (46),Apple iPhone 13 Pro Max (1TB),2142,8.6,support,bionic,6,3.22,4352,1,20,6,1024,7,120,3,ios,12,12,0,2778,1284
apple,apple (46),Apple iPhone 13 Pro Max (256GB),1665,8.4,support,bionic,6,3.22,4352,1,20,6,256,7,120,3,ios,12,12,0,2778,1284
apple,apple (46),Apple iPhone 14,786,8.1,support,bionic,6,3.22,3279,1,20,6,128,6,60,2,ios,12,12,0,2532,1170
apple,apple (46),Apple iPhone 14 (256GB),905,8.2,support,bionic,6,3.22,3279,1,20,6,256,6,60,2,ios,12,12,0,2532,1170
apple,apple (46),Apple iPhone 14 (512GB),1143,8.2,support,bionic,6,3.22,3279,1,20,6,512,6,60,2,ios,12,12,0,2532,1170
apple,apple (46),Apple iPhone 14 Mini,833,7.0,support,bionic,6,3.10,3500,1,20,6,128,5,60,2,ios,12,12,0,2340,1080
apple,apple (46),Apple iPhone 14 Plus,893,8.2,support,bionic,6,3.22,4325,1,20,6,128,7,60,2,ios,12,12,0,2778,1284
apple,apple (46),Apple iPhone 14 Plus (256GB),1012,8.3,support,bionic,6,3.22,4325,1,20,6,256,7,60,2,ios,12,12,0,2778,1284
apple,apple (46),Apple iPhone 14 Plus (512GB),1250,8.3,support,bionic,6,3.22,4325,1,20,6,512,7,60,2,ios,12,12,0,2778,1284
apple,apple (46),Apple iPhone 14 Pro,1428,7.5,support,bionic,6,3.10,3200,1,20,6,128,6,120,3,ios,48,12,0,2556,1179
apple,apple (46),Apple iPhone 14 Pro (1TB),2060,7.7,support,bionic,6,3.10,3200,1,20,6,1024,6,120,3,ios,48,12,0,2556,1179
apple,apple (46),Apple iPhone 14 Pro (256GB),1548,7.6,support,bionic,6,3.10,3200,1,20,6,256,6,120,3,ios,48,12,0,2556,1179
apple,apple (46),Apple iPhone 14 Pro Max,1548,7.6,support,bionic,6,3.10,4323,1,20,6,128,7,120,3,ios,48,12,0,2796,1290
apple,apple (46),Apple iPhone 14 Pro Max (1TB),2179,7.8,support,bionic,6,3.10,4323,1,20,6,1024,7,120,3,ios,48,12,0,2796,1290
apple,apple (46),Apple iPhone 14 Pro Max (256GB),1667,7.7,support,bionic,6,3.10,4323,1,20,6,256,7,120,3,ios,48,12,0,2796,1290
apple,apple (46),Apple iPhone 14 Pro Max (512GB),2023,7.8,support,bionic,6,3.10,4323,1,20,6,512,7,120,3,ios,48,12,0,2796,1290
apple,apple (46),Apple iPhone 15,988,7.2,support,bionic,6,3.10,3285,1,20,6,128,6,60,2,ios,50,13,0,2532,1170
apple,apple (46),Apple iPhone 15 Plus,1012,7.5,support,bionic,6,3.10,4532,1,20,8,128,7,120,2,ios,12,12,0,2778,1284
apple,apple (46),Apple iPhone 15 Pro,1559,7.5,support,bionic,6,3.10,3274,0,0,8,128,6,120,3,ios,50,12,0,2532,1170
apple,apple (46),Apple iPhone 15 Pro Max,1702,7.9,support,bionic,6,3.10,4352,1,25,8,256,7,120,3,ios,50,12,0,2778,1284
apple,apple (46),Apple iPhone 15 Ultra,1785,7.9,support,bionic,8,3.10,4700,1,20,8,128,7,120,3,ios,48,12,0,2796,1290
apple,apple (46),Apple iPhone 7s,631,7.5,support,fusion,4,2.37,2230,0,0,3,32,5,60,1,ios,13,7,0,1334,750
apple,apple (46),Apple iPhone 9,357,6.1,support,bionic,6,2.65,2050,1,20,3,64,5,60,1,ios,12,7,0,1334,750
apple,apple (46),Apple iPhone SE 2020,475,6.3,not support,bionic,6,2.65,1821,1,18,3,64,5,60,1,ios,12,7,0,1334,750
apple,apple (46),Apple iPhone SE 3 2022,523,7.5,support,bionic,6,3.22,2018,0,0,4,64,5,60,1,ios,12,7,0,1334,750
apple,apple (46),Apple iPhone SE 4,595,6.0,support,bionic,6,3.22,3279,0,0,4,64,6,60,1,ios,12,11,0,1580,750
apple,apple (46),Apple iPhone XR2,857,6.0,support,bionic,6,3.10,3060,1,20,4,64,6,60,2,ios,12,7,0,1792,828
asus,asus (7),Asus ROG Phone 5s 5G,476,8.7,support,snapdragon,8,2.90,6000,1,65,8,128,7,144,3,android,64,24,0,2448,1080
asus,asus (7),Asus ROG Phone 6,857,8.6,support,snapdragon,8,3.20,6000,1,65,12,256,7,165,3,android,50,12,0,2448,1080
asus,asus (7),Asus ROG Phone 6 Batman Edition,869,8.8,support,dimensity,8,3.20,6000,1,65,16,256,7,165,3,android,50,12,0,2448,1080
asus,asus (7),Asus ROG Phone 6 Pro 5G,1071,8.8,support,snapdragon,8,3.20,6000,1,65,18,512,7,165,3,android,50,12,0,2448,1080
asus,asus (7),Asus ROG Phone 6D Ultimate,1286,7.5,support,dimensity,8,3.20,6000,1,65,16,512,7,165,3,android,50,12,0,2448,1080
asus,asus (7),Asus ROG Phone 7,905,8.7,support,snapdragon,8,3.20,6000,1,120,18,256,7,165,3,android,64,32,0,2448,1080
asus,asus (7),Asus ZenFone 9,762,8.6,support,snapdragon,8,3.20,4300,1,30,8,128,6,120,2,android,50,12,0,2400,1080
google,google (14),Google Pixel 2 XL,190,6.9,not support,snapdragon,8,2.35,3520,1,18,4,128,6,60,1,android,12,8,0,2880,1440
google,google (14),Google Pixel 3a XL,190,6.7,not support,snapdragon,8,2.00,3700,1,18,4,64,6,60,1,android,12,8,0,2160,1080
google,google (14),Google Pixel 4,240,7.8,not support,snapdragon,8,2.80,2800,1,18,6,64,6,60,2,android,16,8,0,2280,1080
google,google (14),Google Pixel 5,429,8.2,support,snapdragon,8,2.40,4080,1,18,8,128,6,90,2,android,16,8,0,2340,1080
google,google (14),Google Pixel 5A,393,7.8,support,snapdragon,8,2.40,4620,1,18,6,128,6,60,2,android,16,8,0,2400,1080
google,google (14),Google Pixel 6,482,8.4,support,google,8,2.80,4614,1,30,8,128,6,90,2,android,50,8,0,2400,1080
google,google (14),Google Pixel 6 Pro,646,8.9,support,google,8,2.80,5003,1,30,12,128,7,120,3,android,50,11,0,3120,1440
google,google (14),Google Pixel 6 Pro (12GB RAM + 256GB),949,7.5,support,google,8,2.80,5003,1,30,12,256,7,120,3,android,50,11,0,3120,1440
google,google (14),Google Pixel 6A,357,7.1,support,google,8,2.85,4410,1,18,6,128,6,60,2,android,12,8,0,2400,1080
google,google (14),Google Pixel 7 5G,632,8.6,support,google,8,2.85,4355,1,30,8,128,6,90,2,android,50,11,0,2400,1080
google,google (14),Google Pixel 7 Pro 5G,976,7.5,support,google,8,2.85,5000,1,30,12,128,7,120,3,android,50,11,0,3120,1440
google,google (14),Google Pixel 7A,417,6.9,support,google,8,2.85,4410,1,18,6,128,6,90,2,android,12,8,0,2400,1080
google,google (14),Google Pixel 8,643,7.5,support,google,8,2.85,4830,1,67,8,128,7,120,2,android,50,10,0,2400,1080
google,google (14),Google Pixel 8 Pro,845,8.0,support,google,8,2.40,5000,1,67,12,256,7,120,3,android,50,12,0,3120,1440
honor,honor (13),Honor 50,393,8.5,support,snapdragon,8,2.40,4300,1,66,6,128,7,120,4,android,108,32,0,2340,1080
honor,honor (13),Honor 60 SE 5G,298,7.5,support,dimensity,8,2.00,4300,1,66,8,128,7,120,3,android,64,16,0,2340,1080
honor,honor (13),Honor 70 5G,476,8.8,support,snapdragon,8,2.50,4800,1,66,12,512,7,120,3,android,54,32,0,2400,1080
honor,honor (13),Honor 70 5G (8GB RAM + 256GB),369,8.6,support,snapdragon,8,2.50,4800,1,66,8,256,7,120,3,android,54,32,0,2400,1080
honor,honor (13),Honor 80 Pro Plus,655,7.5,support,snapdragon,8,3.00,4500,1,100,12,256,7,120,3,android,200,50,0,2652,1200
honor,honor (13),Honor Magic 4 Pro Plus 5G,1131,7.5,support,snapdragon,8,3.00,4600,1,120,12,512,7,120,4,android,50,13,0,2772,1344
honor,honor (13),Honor Play 30,119,6.8,not support,snapdragon,8,2.20,5000,0,0,4,128,7,60,1,android,13,5,1,1600,720
honor,honor (13),Honor X6,167,7.1,not support,helio,8,2.00,5000,1,10,4,64,7,60,3,android,50,5,1,1600,720
honor,honor (13),Honor X7a,167,7.5,not support,helio,8,2.30,5000,1,22,6,128,7,90,4,android,50,8,1,1600,720
honor,honor (13),Honor X8,202,7.6,not support,snapdragon,8,2.40,4000,1,22,6,128,7,90,4,android,64,16,0,2388,1080
honor,honor (13),Honor X8 5G,178,7.5,support,snapdragon,8,2.20,5000,1,22,6,128,7,60,3,android,48,8,1,1600,720
honor,honor (13),Honor X9 5G,202,8.0,support,snapdragon,8,2.20,4800,1,66,8,128,7,60,3,android,48,16,0,2388,1080
honor,honor (13),Honor X9a,333,8.1,support,snapdragon,8,2.20,5100,1,40,8,256,7,120,3,android,64,16,0,2400,1080
huawei,huawei (16),Huawei Honor 9N,130,6.6,not support,kirin,8,2.36,3000,0,0,4,64,6,60,2,android,13,16,1,2280,1080
huawei,huawei (16),Huawei Mate 30 RS Porsche Design,2559,7.5,support,kirin,8,2.86,4500,1,18,12,512,7,60,4,android,40,32,1,2400,1176
huawei,huawei (16),Huawei Mate 40 Pro 4G,833,7.5,not support,kirin,8,3.13,4400,1,66,8,128,7,90,3,other,50,13,1,2772,1344
huawei,huawei (16),Huawei Mate 50 Pro 5G,1190,8.5,not support,kirin,8,3.13,4500,1,66,8,256,7,120,3,other,64,13,0,3200,1440
huawei,huawei (16),Huawei Mate 50 RS Porsche Design,2857,8.1,not support,snapdragon,8,3.20,4700,1,66,12,512,7,120,3,other,50,13,1,2616,1212
huawei,huawei (16),Huawei Mate X,2012,7.5,support,kirin,8,2.86,4500,1,55,8,512,8,60,4,android,48,0,0,2480,2200
huawei,huawei (16),Huawei Mate Xs 2,1940,8.9,not support,snapdragon,8,2.84,4600,1,66,8,512,8,120,3,android,50,11,0,2480,2200
huawei,huawei (16),Huawei Nova 10,357,8.2,not support,snapdragon,8,2.40,4000,1,66,8,128,7,120,3,other,50,60,0,2400,1080
huawei,huawei (16),Huawei Nova 10 SE,286,8.4,not support,snapdragon,8,2.40,4500,1,66,8,256,7,90,3,android,108,16,1,2160,1080
huawei,huawei (16),Huawei Nova 7i,262,8.1,not support,kirin,8,2.20,4200,1,40,8,128,6,60,4,android,48,16,1,2340,1080
huawei,huawei (16),Huawei Nova 9,357,8.3,not support,snapdragon,8,2.40,4300,1,66,8,128,7,120,4,other,50,32,0,2340,1080
huawei,huawei (16),Huawei Nova 9 SE,238,8.4,not support,snapdragon,8,2.40,4000,1,66,8,128,7,90,4,android,108,16,1,2388,1080
huawei,huawei (16),Huawei Nova Y61,262,6.3,not support,kirin,8,2.40,5000,1,22,4,64,7,60,3,other,50,5,1,1600,720
huawei,huawei (16),Huawei Nova Y90,274,8.2,not support,snapdragon,8,2.40,5000,1,40,8,128,7,90,4,other,50,8,1,2388,1080
huawei,huawei (16),Huawei P40 Pro,988,7.5,support,kirin,8,2.86,4200,1,40,8,256,7,90,4,android,50,32,1,2640,1200
huawei,huawei (16),Huawei P50 Pro 4G,726,7.5,not support,snapdragon,8,2.84,4360,1,66,8,256,7,120,4,other,50,13,1,2700,1288
infinix,infinix (29),Infinix Hot 11S,115,7.1,not support,helio,8,2.00,5000,0,0,4,64,7,90,3,android,50,8,1,2480,1080
infinix,infinix (29),Infinix Hot 12,119,7.2,not support,helio,8,2.30,6000,1,18,4,64,7,90,3,android,50,8,1,1640,720
infinix,infinix (29),Infinix Hot 12 Play,106,6.6,not support,tiger,8,1.82,6000,1,18,4,64,7,90,2,android,13,8,1,720,1640
infinix,infinix (29),Infinix Hot 12 Pro,129,7.4,not support,tiger,8,2.00,5000,1,18,6,64,7,90,2,android,50,8,1,1612,720
infinix,infinix (29),Infinix Hot 12 Pro (8GB RAM+ 128GB),147,7.6,not support,tiger,8,2.00,5000,1,18,8,128,7,90,2,android,50,8,1,1612,720
infinix,infinix (29),Infinix Hot 20,214,7.5,not support,dimensity,8,2.40,5000,1,18,4,64,7,120,2,android,50,8,1,2408,1080
infinix,infinix (29),Infinix Hot 20 (6GB RAM+ 128GB),238,7.8,not support,dimensity,8,2.40,5000,1,18,6,128,7,120,2,android,50,8,1,2408,1080
infinix,infinix (29),Infinix Hot 20 Play,107,6.7,not support,helio,8,2.30,6000,1,18,4,64,7,90,2,android,13,8,1,1640,720
infinix,infinix (29),Infinix Hot 20i,119,6.4,not support,helio,8,2.00,5000,0,0,3,64,7,60,2,android,13,8,1,1612,720
infinix,infinix (29),Infinix Hot 20S,155,7.7,not support,helio,8,2.05,5000,1,18,8,128,7,60,2,android,50,8,1,2460,1080
infinix,infinix (29),Infinix Note 11 (6GB RAM + 128GB),152,7.7,not support,helio,8,2.00,5000,1,33,6,128,7,60,3,android,50,16,1,2400,1080
infinix,infinix (29),Infinix Note 11S (8GB RAM + 128GB),190,7.9,not support,helio,8,2.05,5000,1,33,8,128,7,120,3,android,50,16,1,2460,1080
infinix,infinix (29),Infinix Note 12,139,7.4,not support,helio,8,2.00,5000,1,33,4,64,7,60,3,android,50,16,1,1080,2400
infinix,infinix (29),Infinix Note 12 (6GB RAM + 128GB),155,7.7,not support,helio,8,2.00,5000,1,33,6,128,7,60,3,android,50,16,1,1080,2400
infinix,infinix (29),Infinix Note 12 (G96),202,7.9,not support,helio,8,2.05,5000,1,33,8,128,7,60,3,android,50,16,1,2400,1080
infinix,infinix (29),Infinix Note 12 5G,190,7.8,support,dimensity,8,2.40,5000,1,33,6,64,7,60,3,android,50,16,1,2400,1080
infinix,infinix (29),Infinix Note 12 Pro,201,8.3,not support,helio,8,2.20,5000,1,33,8,256,7,60,3,android,108,16,1,2400,1080
infinix,infinix (29),Infinix Note 12 Pro 5G,226,8.4,support,dimensity,8,2.40,5000,1,33,8,128,7,60,3,android,108,16,1,2400,1080
infinix,infinix (29),Infinix Note 12 Turbo,179,7.9,not support,helio,8,2.00,5000,1,33,8,128,7,60,3,android,50,16,1,1080,2400
infinix,infinix (29),Infinix Note 12 VIP,238,8.4,not support,helio,8,2.05,4500,1,120,8,128,7,120,3,android,108,16,1,2400,1080
infinix,infinix (29),Infinix Note 12i (2022),119,7.3,not support,helio,8,2.00,5000,1,33,4,64,7,60,3,android,50,8,1,2400,1080
infinix,infinix (29),Infinix Note 13 Pro,202,8.0,not support,helio,8,2.20,5000,1,120,6,128,7,60,4,android,108,16,1,2460,1080
infinix,infinix (29),Infinix Smart 6,87,6.0,not support,helio,4,2.00,5000,0,0,2,64,7,60,2,android,8,5,1,1600,720
infinix,infinix (29),Infinix Smart 6 HD,83,7.5,not support,helio,4,2.00,5000,0,0,2,32,7,60,2,android,8,5,1,1600,720
infinix,infinix (29),Infinix Smart 6 Plus,99,6.3,not support,helio,8,2.00,5000,0,0,3,64,7,60,2,android,8,5,1,1600,720
infinix,infinix (29),Infinix Zero 20,214,8.7,not support,helio,8,2.20,4500,1,45,8,128,7,90,3,android,108,60,1,2400,1080
infinix,infinix (29),Infinix Zero 5G 2023,232,8.5,support,dimensity,8,2.60,5000,1,33,8,256,7,120,3,android,50,16,1,2460,1080
infinix,infinix (29),Infinix Zero Ultra,440,8.9,support,dimensity,8,2.50,4500,1,180,8,256,7,120,3,android,200,32,1,2400,1080
infinix,infinix (29),Infinix Zero X Pro,262,8.5,not support,helio,8,2.05,4500,1,45,8,128,7,120,3,android,108,16,1,2400,1080
iqoo,iqoo (32),iQOO 11 (16GB RAM + 256GB),774,8.9,support,snapdragon,8,3.20,5000,1,120,16,256,7,144,3,android,50,16,0,3200,1440
iqoo,iqoo (32),iQOO 11 5G,714,8.8,support,snapdragon,8,3.20,5000,1,120,8,256,7,144,3,android,50,16,0,3200,1440
iqoo,iqoo (32),iQOO 11 Pro 5G,702,8.9,support,snapdragon,8,3.20,4700,1,200,8,256,7,144,3,android,50,16,0,3200,1440
iqoo,iqoo (32),iQOO 7,298,8.3,support,snapdragon,8,3.20,4400,1,66,8,128,7,120,3,android,48,16,0,2400,1080
iqoo,iqoo (32),iQOO 7 (12GB RAM + 256GB),428,8.5,support,snapdragon,8,3.20,4400,1,66,12,256,7,120,3,android,48,16,0,2400,1080
iqoo,iqoo (32),iQOO 7 Legend,476,8.4,support,snapdragon,8,2.84,4000,1,66,8,128,7,120,3,android,48,16,0,2400,1080
iqoo,iqoo (32),iQOO 9 5G,417,8.4,support,snapdragon,8,2.90,4350,1,120,8,128,7,120,3,android,48,16,0,2376,1080
iqoo,iqoo (32),iQOO 9 5G (12GB RAM + 256GB),476,8.5,support,snapdragon,8,2.90,4350,1,120,12,256,7,120,3,android,48,16,0,2376,1080
iqoo,iqoo (32),iQOO 9 Pro 5G,714,8.8,support,snapdragon,8,3.00,4700,1,120,8,256,7,120,3,android,50,16,0,3200,1440
iqoo,iqoo (32),iQOO 9 SE 5G,369,8.3,support,snapdragon,8,2.84,4500,1,66,8,128,7,120,3,android,48,16,0,2400,1080
iqoo,iqoo (32),iQOO 9 SE 5G (12GB RAM + 256GB),416,8.5,support,snapdragon,8,2.84,4500,1,66,12,256,7,120,3,android,48,16,0,2400,1080
iqoo,iqoo (32),iQOO 9T 5G,571,8.5,support,snapdragon,8,3.20,4700,1,120,8,128,7,120,3,android,50,16,0,2400,1080
iqoo,iqoo (32),iQOO Neo 6 5G,345,8.2,support,snapdragon,8,3.20,4700,1,80,8,128,7,120,3,android,64,16,0,2400,1080
iqoo,iqoo (32),iQOO Neo 6 5G (12GB RAM + 256GB),402,8.4,support,snapdragon,8,3.20,4700,1,80,12,256,7,120,3,android,64,16,0,2400,1080
iqoo,iqoo (32),iQOO Neo 6 SE 5G,274,8.3,support,snapdragon,8,3.20,4700,1,80,8,128,7,120,3,android,64,16,0,2400,1080
iqoo,iqoo (32),iQOO Neo 7 5G,357,8.2,support,dimensity,8,3.10,5000,1,120,8,128,7,120,3,android,64,16,0,2400,1080
iqoo,iqoo (32),iQOO Neo 7 Racing Edition,393,8.4,support,snapdragon,8,3.20,5000,1,120,8,256,7,120,3,android,50,16,0,2400,1080
iqoo,iqoo (32),iQOO Neo 7 SE 5G,298,8.3,support,dimensity,8,3.10,5000,1,120,8,128,7,120,3,android,64,16,0,2400,1080
iqoo,iqoo (32),iQOO Z6 4G,172,7.7,not support,snapdragon,8,2.40,5000,1,44,4,128,6,120,3,android,50,16,1,2400,1080
iqoo,iqoo (32),iQOO Z6 4G (6GB RAM + 128GB),190,8.0,not support,snapdragon,8,2.40,5000,1,44,6,128,6,120,3,android,50,16,1,2400,1080
iqoo,iqoo (32),iQOO Z6 5G,185,7.8,support,snapdragon,8,2.20,5000,1,18,4,128,7,120,3,android,50,16,1,2408,1080
iqoo,iqoo (32),iQOO Z6 5G (6GB RAM + 128GB),202,8.0,support,snapdragon,8,2.20,5000,1,18,6,128,7,120,3,android,50,16,1,2408,1080
iqoo,iqoo (32),iQOO Z6 5G (8GB RAM + 128GB),220,8.2,support,snapdragon,8,2.20,5000,1,18,8,128,7,120,3,android,50,16,1,2408,1080
iqoo,iqoo (32),iQOO Z6 Lite (6GB RAM + 128GB),185,7.9,support,snapdragon,8,2.00,5000,1,18,6,128,7,120,2,android,50,8,1,2408,1080
iqoo,iqoo (32),iQOO Z6 Lite 5G,167,7.5,support,snapdragon,8,2.00,5000,1,18,4,64,7,120,2,android,50,8,1,2408,1080
iqoo,iqoo (32),iQOO Z6 Pro 5G,259,7.8,support,snapdragon,8,2.40,4700,1,66,6,128,6,90,3,android,64,16,0,2404,1080
iqoo,iqoo (32),iQOO Z6 Pro 5G (12GB RAM + 256GB),333,8.2,support,snapdragon,8,2.40,4700,1,66,12,256,6,90,3,android,64,16,0,2404,1080
iqoo,iqoo (32),iQOO Z6 Pro 5G (8GB RAM + 128GB),279,8.0,support,snapdragon,8,2.40,4700,1,66,8,128,6,90,3,android,64,16,0,2404,1080
iqoo,iqoo (32),iQOO Z7 5G,214,8.0,support,snapdragon,8,2.20,4200,1,55,8,128,7,120,3,android,50,16,0,2400,1080
iqoo,iqoo (32),iQOO Z7 Pro 5G,298,8.0,support,snapdragon,8,2.36,5000,1,67,6,128,7,144,3,android,50,16,1,2412,1080
iqoo,iqoo (32),iQOO Z8 5G,179,7.8,support,snapdragon,8,2.20,5000,1,18,4,128,7,120,3,android,50,16,1,2412,1080
iqoo,iqoo (32),iQOO Z9,238,7.6,support,snapdragon,8,2.80,5000,1,45,8,128,7,120,3,android,64,16,1,2412,1080
itel,itel (10),Itel A23 Pro,48,7.5,not support,spreadtrum,4,1.40,2400,0,0,1,8,5,60,1,android,5,2,0,480,854
itel,itel (10),itel A23s,57,7.5,not support,spreadtrum,4,1.40,3020,0,0,2,32,5,60,1,android,2,2,0,480,854
itel,itel (10),Itel A24 Pro,71,7.5,not support,unisoc,4,1.40,3020,0,0,2,32,5,60,1,android,2,0,1,480,854
itel,itel (10),itel A56,65,7.5,not support,unisoc,4,1.30,4000,0,0,1,16,6,60,2,android,8,5,1,1600,720
itel,itel (10),itel P36,77,7.5,not support,spreadtrum,4,1.30,5000,0,0,1,16,7,60,2,android,8,8,0,720,1600
itel,itel (10),itel S16,71,7.5,not support,unisoc,4,1.30,4000,0,0,1,16,7,60,3,android,8,8,1,720,1600
itel,itel (10),itel S16 Pro,83,7.5,not support,unisoc,4,1.30,4000,0,0,2,32,7,60,3,android,8,8,1,720,1600
itel,itel (10),itel Vision 1 (3GB RAM + 32GB),70,7.5,not support,unisoc,8,1.60,4000,0,0,3,32,6,60,2,android,8,5,1,720,1520
itel,itel (10),itel Vision 3,80,6.1,not support,unisoc,8,1.60,5000,1,18,3,64,7,60,2,android,8,5,1,720,1612
itel,itel (10),itel Vision 3 (2GB RAM + 32GB),69,7.5,not support,unisoc,8,1.60,5000,1,18,2,32,7,60,2,android,8,5,1,720,1612
jio,jio (4),Jio JioPhone 5G,143,6.4,support,snapdragon,8,2.20,5000,1,18,4,32,7,90,1,android,13,8,1,1600,720
jio,jio (4),Jio JioPhone Next,55,7.5,not support,snapdragon,4,1.30,3500,0,0,2,32,5,60,1,android,13,8,1,1440,720
jio,jio (4),Jio JioPhone Next (3GB RAM + 32GB),89,7.5,not support,snapdragon,4,1.30,3000,0,0,3,32,6,60,1,android,13,8,1,1440,720
jio,jio (4),Jio Phone 3,54,7.5,not support,spreadtrum,4,1.40,2800,0,0,2,64,5,60,1,android,5,2,1,1280,720
lava,lava (4),Lava Agni 5G,214,8.4,support,dimensity,8,2.40,5000,1,30,8,128,7,90,4,android,64,16,1,2460,1080
lava,lava (4),Lava Blaze 5G,131,7.3,support,dimensity,8,2.20,5000,0,0,4,128,7,90,3,android,50,8,1,720,1600
lava,lava (4),Lava Blaze NXT,107,6.6,not support,helio,8,2.30,5000,0,0,4,64,7,60,3,android,13,8,1,1600,720
lava,lava (4),Lava X3,83,7.5,not support,helio,4,2.00,4000,0,0,3,32,7,60,2,android,8,5,1,720,1600
motorola,motorola (52),Motorola Edge 20 Fusion 5G,226,8.7,support,dimensity,8,2.40,5000,1,30,6,128,7,90,3,android,108,32,1,2400,1080
motorola,motorola (52),Motorola Edge 30 5G,274,8.3,support,snapdragon,8,2.50,4020,1,33,6,128,7,144,3,android,50,32,0,2400,1080
motorola,motorola (52),Motorola Edge 30 5G (8GB RAM + 128GB),298,8.5,support,snapdragon,8,2.50,4020,1,33,8,128,7,144,3,android,50,32,0,2400,1080
motorola,motorola (52),Motorola Edge 30 Fusion 5G,476,8.8,support,snapdragon,8,2.90,4400,1,68,8,128,7,144,3,android,50,32,0,2400,1080
motorola,motorola (52),Motorola Edge 30 Pro 5G,417,8.9,support,snapdragon,8,3.00,4800,1,68,8,128,7,144,3,android,50,60,0,2400,1080
motorola,motorola (52),Motorola Edge 30 Ultra,655,7.5,support,snapdragon,8,3.20,4610,1,125,8,128,7,144,3,android,200,60,0,2400,1080
motorola,motorola (52),Motorola Edge 30 Ultra (12GB RAM + 256GB),714,7.5,support,snapdragon,8,3.20,4610,1,125,12,256,7,144,3,android,200,60,0,2400,1080
motorola,motorola (52),Motorola Edge 40 5G,417,8.6,support,snapdragon,8,2.36,4200,1,67,8,128,7,144,3,android,50,32,0,2412,1080
motorola,motorola (52),Motorola Edge 40 Fusion,512,8.7,support,snapdragon,8,3.20,4500,1,68,8,128,7,144,3,android,50,32,0,2400,1080
motorola,motorola (52),Motorola Edge 40 Pro 5G,714,8.9,support,snapdragon,8,3.20,4800,1,125,8,128,7,165,3,android,50,60,0,2460,1080
motorola,motorola (52),Motorola Edge Plus,690,8.9,support,snapdragon,8,2.84,5000,1,18,12,256,7,90,3,android,108,25,0,2340,1080
motorola,motorola (52),Motorola Edge S,268,8.7,support,snapdragon,8,3.20,5000,1,20,6,128,7,90,4,android,64,16,1,2520,1080
motorola,motorola (52),Motorola Moto E13,125,6.5,not support,tiger,8,2.00,5000,1,10,2,64,7,60,1,android,13,5,1,1600,720
motorola,motorola (52),Motorola Moto E22s,107,7.0,not support,helio,8,2.30,5000,1,10,4,64,7,90,2,android,16,8,1,1600,720
motorola,motorola (52),Motorola Moto E32,107,7.1,not support,helio,8,2.30,5000,1,10,4,64,7,90,2,android,50,8,1,1600,720
motorola,motorola (52),Motorola Moto E32s,95,6.5,not support,helio,8,1.80,5000,1,18,3,32,7,90,3,android,16,8,1,1600,720
motorola,motorola (52),Motorola Moto E32s (4GB RAM + 64GB),105,6.7,not support,helio,8,1.80,5000,1,18,4,64,7,90,3,android,16,8,1,1600,720
motorola,motorola (52),Motorola Moto E40,95,7.1,not support,tiger,8,1.80,5000,0,0,4,64,7,90,3,android,48,8,1,1600,720
motorola,motorola (52),Motorola Moto Edge 30 Neo,381,8.4,support,snapdragon,8,2.20,4020,1,68,8,128,6,120,2,android,64,32,0,2400,1080
motorola,motorola (52),Motorola Moto Edge S30 5G,286,8.5,support,snapdragon,8,2.90,5000,1,33,6,128,7,144,3,android,108,16,0,2460,1080
motorola,motorola (52),Motorola Moto Edge S30 Pro,417,8.3,support,snapdragon,8,3.00,5000,1,68,8,128,7,120,3,android,64,16,0,2460,1080
motorola,motorola (52),Motorola Moto Edge X30 Pro,714,7.5,support,snapdragon,8,3.20,4450,1,125,8,128,7,144,3,android,200,60,0,2340,1080
motorola,motorola (52),Motorola Moto G 5G,238,8.2,support,snapdragon,8,2.20,5000,1,20,6,128,7,60,3,android,48,16,1,2400,1080
motorola,motorola (52),Motorola Moto G13,190,7.5,not support,helio,8,2.00,5000,1,10,4,128,7,90,3,android,50,8,1,1600,720
motorola,motorola (52),Motorola Moto G22,113,7.5,not support,helio,8,2.30,5000,1,20,4,64,7,90,4,android,50,16,1,1600,720
motorola,motorola (52),Motorola Moto G23,238,7.7,not support,helio,8,2.00,5000,1,30,4,128,7,90,3,android,50,16,1,1600,720
motorola,motorola (52),Motorola Moto G31,119,7.5,not support,helio,8,2.00,5000,1,20,4,64,6,60,3,android,50,13,1,2400,1080
motorola,motorola (52),Motorola Moto G31 (6GB RAM+ 128GB),143,7.8,not support,helio,8,2.00,5000,1,20,6,128,6,60,3,android,50,13,1,2400,1080
motorola,motorola (52),Motorola Moto G32,125,7.5,not support,snapdragon,8,2.40,5000,1,33,4,64,7,90,3,android,50,16,1,2400,1080
motorola,motorola (52),Motorola Moto G40 Fusion,173,7.7,not support,snapdragon,8,2.30,6000,1,20,4,64,7,120,3,android,64,16,1,2460,1080
motorola,motorola (52),Motorola Moto G42,131,7.8,not support,snapdragon,8,2.40,5000,1,20,4,64,6,60,3,android,50,16,1,2400,1080
motorola,motorola (52),Motorola Moto G51 5G,155,7.7,support,snapdragon,8,2.20,5000,0,0,4,64,7,120,3,android,50,13,1,2400,1080
motorola,motorola (52),Motorola Moto G52,143,7.5,not support,snapdragon,8,2.40,5000,1,33,4,64,7,90,3,android,50,16,1,1080,2460
motorola,motorola (52),Motorola Moto G52 (6GB RAM + 128GB),155,7.9,not support,snapdragon,8,2.40,5000,1,33,6,128,7,90,3,android,50,16,1,1080,2460
motorola,motorola (52),Motorola Moto G52 5G,202,7.6,support,snapdragon,8,2.20,5000,1,33,4,64,7,90,3,android,50,16,1,1080,2460
motorola,motorola (52),Motorola Moto G53,262,7.9,support,snapdragon,8,2.20,5000,1,10,4,128,7,120,2,android,50,16,1,1600,720
motorola,motorola (52),Motorola Moto G60,190,8.4,not support,snapdragon,8,2.30,6000,1,20,6,128,7,120,3,android,108,32,1,2460,1080
motorola,motorola (52),Motorola Moto G62 (8GB RAM + 128GB),196,8.4,support,snapdragon,8,2.20,5000,1,18,8,128,7,120,3,android,50,16,1,2400,1080
motorola,motorola (52),Motorola Moto G62 5G,179,8.1,support,snapdragon,8,2.20,5000,1,18,6,128,7,120,3,android,50,16,1,2400,1080
motorola,motorola (52),Motorola Moto G71 5G,202,8.0,support,snapdragon,8,2.20,5000,1,33,6,128,6,60,3,android,50,16,0,2400,1080
motorola,motorola (52),Motorola Moto G72,238,8.1,not support,snapdragon,8,2.20,5000,1,33,6,128,7,120,3,android,108,16,0,2400,1080
motorola,motorola (52),Motorola Moto G72 4G,190,8.3,not support,helio,8,2.20,5000,1,33,6,128,7,120,3,android,108,16,1,2400,1080
motorola,motorola (52),Motorola Moto G73,310,8.5,support,dimensity,8,2.20,5000,1,30,8,256,7,120,2,android,50,16,1,2400,1080
motorola,motorola (52),Motorola Moto G82 (8GB RAM + 128GB),244,8.6,support,snapdragon,8,2.20,5000,1,30,8,128,7,120,3,android,50,16,1,2400,1080
motorola,motorola (52),Motorola Moto G82 5G,226,8.3,support,snapdragon,8,2.20,5000,1,30,6,128,7,120,3,android,50,16,1,2400,1080
motorola,motorola (52),Motorola Moto G91 5G,238,8.0,support,snapdragon,8,2.20,5000,1,18,6,128,7,60,3,android,108,32,1,2400,1080
motorola,motorola (52),Motorola Moto S30 Pro,286,8.3,support,snapdragon,8,2.90,4400,1,68,8,128,7,144,3,android,50,32,0,2460,1080
motorola,motorola (52),Motorola Moto X30 Pro,500,7.5,support,snapdragon,8,3.20,4450,1,125,8,128,7,144,3,android,200,60,0,2400,1080
motorola,motorola (52),Motorola Moto X40,476,8.9,support,snapdragon,8,3.20,4600,1,125,8,128,7,165,3,android,50,60,0,2400,1080
motorola,motorola (52),Motorola One Fusion Plus,232,8.0,not support,snapdragon,8,2.20,5000,1,18,6,128,7,60,4,android,64,16,1,2340,1080
motorola,motorola (52),Motorola One Macro,137,6.8,not support,helio,8,2.00,4000,1,10,4,64,6,60,3,android,13,8,1,1520,720
motorola,motorola (52),Motorola ThinkPhone,595,8.9,support,snapdragon,8,3.20,5000,1,68,8,128,7,144,3,android,50,32,0,2400,1080
nokia,nokia (13),Nokia C01 Plus,62,7.5,not support,unisoc,8,1.60,3000,0,0,2,16,5,60,1,android,5,5,1,1440,720
nokia,nokia (13),Nokia C21 Plus (4GB RAM + 64GB),107,6.4,not support,unisoc,8,1.60,5050,0,0,4,64,7,60,2,android,13,5,1,1600,720
nokia,nokia (13),Nokia C31,113,6.2,not support,unisoc,8,1.60,5050,1,10,3,32,7,60,3,android,13,5,1,1600,720
nokia,nokia (13),Nokia G11 Plus,125,7.0,not support,unisoc,8,1.60,5000,1,10,4,64,7,90,2,android,50,8,1,1600,720
nokia,nokia (13),Nokia G21,143,7.1,not support,unisoc,8,1.60,5050,1,18,4,64,7,90,3,android,50,8,1,1600,720
nokia,nokia (13),Nokia G21 (6GB RAM + 128GB),161,7.5,not support,unisoc,8,1.60,5050,1,18,6,128,7,90,3,android,50,8,1,1600,720
nokia,nokia (13),Nokia G60,339,8.1,support,snapdragon,8,2.20,4500,1,20,6,128,7,120,3,android,50,8,1,2400,1080
nokia,nokia (13),Nokia N73 5G,560,7.5,support,snapdragon,8,3.00,6000,1,65,12,256,7,120,1,android,200,32,1,3200,1400
nokia,nokia (13),Nokia X100 5G,214,8.2,support,snapdragon,8,2.00,4470,1,18,6,128,7,60,4,android,48,16,1,2400,1080
nokia,nokia (13),Nokia X30,500,8.5,support,snapdragon,8,2.20,4200,1,33,6,128,6,90,2,android,50,16,1,2400,1080
nokia,nokia (13),Nokia X50 5G,417,7.6,support,snapdragon,8,2.80,6000,1,33,6,64,7,60,4,android,108,32,1,2400,1080
nokia,nokia (13),Nokia X60 5G,476,8.7,support,snapdragon,8,3.20,6000,1,33,6,128,7,144,4,other,200,16,1,2400,1080
nokia,nokia (13),Nokia X60 Pro 5G,595,7.5,support,snapdragon,8,3.20,6000,1,44,8,128,7,144,4,android,200,32,1,2408,1080
nothing,nothing (5),Nothing Phone 1,318,8.5,support,snapdragon,8,2.50,4500,1,33,8,128,7,120,2,android,50,16,0,2400,1080
nothing,nothing (5),Nothing Phone 1 (12GB RAM + 256GB),429,8.7,support,snapdragon,8,2.50,4500,1,33,12,256,7,120,2,android,50,16,0,2400,1080
nothing,nothing (5),Nothing Phone 1 (8GB RAM + 256GB),336,8.6,support,snapdragon,8,2.50,4500,1,33,8,256,7,120,2,android,50,16,0,2400,1080
nothing,nothing (5),Nothing Phone 1 Lite,298,8.0,support,snapdragon,8,2.50,5000,1,33,6,128,7,120,2,android,50,16,0,2400,1080
nothing,nothing (5),Nothing Phone 2,476,8.8,support,snapdragon,8,3.20,4700,1,66,8,128,7,120,3,android,50,32,0,2400,1080
nubia,nubia (6),Nubia Red Magic 6S 5G,536,8.4,support,snapdragon,8,2.90,5050,1,30,8,128,7,165,3,android,64,8,0,2400,1080
nubia,nubia (6),Nubia Red Magic 7S Pro,726,8.6,support,snapdragon,8,3.20,5000,1,135,12,256,7,120,3,android,64,8,0,2400,1080
nubia,nubia (6),Nubia Red Magic 8 Pro 5G,559,8.4,support,snapdragon,8,3.20,6000,1,80,8,128,7,120,3,android,50,16,0,2480,1116
nubia,nubia (6),Nubia Red Magic 8 Pro Plus,726,8.6,support,snapdragon,8,3.20,5000,1,165,12,256,7,120,3,android,50,16,0,2480,1116
nubia,nubia (6),Nubia Z40 Pro 5G,595,8.4,support,snapdragon,8,3.00,5000,1,80,8,128,7,144,3,android,64,16,0,2400,1080
nubia,nubia (6),Nubia Z50,417,8.2,support,snapdragon,8,3.20,5000,1,80,8,128,7,144,3,android,64,16,0,2400,1080
oneplus,oneplus (42),OnePlus 10 Pro 5G,726,8.9,support,snapdragon,8,3.00,5000,1,80,8,128,7,120,3,android,50,32,0,3216,1440
oneplus,oneplus (42),OnePlus 10 Pro 5G (12GB RAM + 256GB),780,7.5,support,snapdragon,8,3.00,5000,1,80,12,256,7,120,3,android,50,32,0,3216,1440
oneplus,oneplus (42),OnePlus 10 Pro 5G (12GB RAM + 512GB),893,7.5,support,snapdragon,8,3.00,5000,1,80,12,512,7,120,3,android,50,32,0,3216,1440
oneplus,oneplus (42),OnePlus 10R 5G,393,8.6,support,dimensity,8,2.85,5000,1,80,8,128,7,120,3,android,50,16,0,2412,1080
oneplus,oneplus (42),OnePlus 10R 5G (12GB RAM + 256GB),440,8.7,support,dimensity,8,2.85,5000,1,80,12,256,7,120,3,android,50,16,0,2412,1080
oneplus,oneplus (42),OnePlus 10R Prime Edition,421,8.5,support,dimensity,8,2.85,5000,1,80,8,128,7,120,3,android,50,16,0,2412,1080
oneplus,oneplus (42),OnePlus 10T,536,8.5,support,snapdragon,8,3.20,4800,1,150,8,128,7,120,3,android,50,16,0,2412,1080
oneplus,oneplus (42),OnePlus 10T (12GB RAM + 256GB),607,8.7,support,snapdragon,8,3.20,4800,1,150,12,256,7,120,3,android,50,16,0,2412,1080
oneplus,oneplus (42),OnePlus 10T (16GB RAM + 256GB),667,8.7,support,snapdragon,8,3.20,4800,1,150,16,256,7,120,3,android,50,16,0,2412,1080
oneplus,oneplus (42),OnePlus 11 5G,655,8.9,support,snapdragon,8,3.20,5000,1,100,12,256,7,120,3,android,50,16,0,3216,1440
oneplus,oneplus (42),OnePlus 11 Pro,833,7.5,support,snapdragon,8,3.20,4500,1,100,8,128,7,120,3,android,50,16,0,3216,1440
oneplus,oneplus (42),OnePlus 11R,476,8.5,support,snapdragon,8,3.20,5000,1,100,8,128,7,120,3,android,50,16,0,2412,1080
oneplus,oneplus (42),OnePlus 12 Pro,833,7.5,support,snapdragon,8,3.20,4800,1,150,12,256,7,144,3,android,108,32,0,3412,1440
oneplus,oneplus (42),OnePlus 6 (8GB RAM + 128GB),333,7.7,not support,snapdragon,8,2.80,3300,0,0,8,128,6,60,2,android,20,16,0,2280,1080
oneplus,oneplus (42),OnePlus 9 Pro,771,8.9,support,snapdragon,8,2.84,4500,1,65,8,128,7,120,4,android,48,16,0,3216,1440
oneplus,oneplus (42),OnePlus 9RT 5G,512,8.5,support,snapdragon,8,2.84,4500,1,33,8,128,7,120,3,android,50,16,0,2400,1080
oneplus,oneplus (42),OnePlus 9T,536,8.6,support,snapdragon,8,2.84,4500,1,65,8,128,7,120,4,android,108,16,0,2400,1080
oneplus,oneplus (42),OnePlus Ace 2,417,8.4,support,snapdragon,8,3.20,5000,1,100,8,128,7,120,3,android,50,16,0,2412,1080
oneplus,oneplus (42),OnePlus Ace 5G,345,8.4,support,dimensity,8,2.85,4500,1,150,8,128,7,120,3,android,50,16,0,2412,1080
oneplus,oneplus (42),OnePlus Ace Pro,571,8.6,support,snapdragon,8,3.20,4800,1,150,12,256,7,120,3,android,50,16,0,2412,1080
oneplus,oneplus (42),OnePlus Ace Racing Edition 5G,274,8.3,support,dimensity,8,2.85,5000,1,33,8,128,7,120,3,android,64,16,0,2412,1080
oneplus,oneplus (42),OnePlus Clover,179,6.9,not support,snapdragon,8,1.80,6000,1,18,4,64,7,60,3,android,13,8,1,1560,720
oneplus,oneplus (42),OnePlus Nord 2 Lite 5G,274,8.3,support,snapdragon,8,2.20,5000,1,33,8,128,7,120,3,android,64,16,1,2412,1080
oneplus,oneplus (42),OnePlus Nord 2T (12GB RAM + 256GB),404,8.5,support,dimensity,8,3.00,4500,1,80,12,256,6,90,3,android,50,32,0,2400,1080
oneplus,oneplus (42),OnePlus Nord 2T 5G,345,8.4,support,dimensity,8,3.00,4500,1,80,8,128,6,90,3,android,50,32,0,2400,1080
oneplus,oneplus (42),OnePlus Nord 3 5G,333,8.4,support,dimensity,8,3.10,4200,1,120,8,128,6,90,3,android,50,32,0,2400,1080
oneplus,oneplus (42),OnePlus Nord 3T 5G,357,8.4,support,dimensity,8,3.00,4500,1,80,8,128,6,90,3,android,50,32,0,2400,1080
oneplus,oneplus (42),OnePlus Nord 4 5G,357,8.3,support,snapdragon,8,2.36,4500,1,80,8,128,6,120,3,android,50,32,0,2412,1080
oneplus,oneplus (42),OnePlus Nord 5,417,7.6,support,dimensity,8,2.85,5000,1,120,8,128,7,120,3,android,64,32,0,2400,1080
oneplus,oneplus (42),OnePlus Nord CE 2 Lite 5G,238,8.1,support,snapdragon,8,2.20,5000,1,33,6,128,7,120,3,android,64,16,1,2412,1080
oneplus,oneplus (42),OnePlus Nord CE 2 Lite 5G (8GB RAM + 128GB),262,8.4,support,snapdragon,8,2.20,5000,1,33,8,128,7,120,3,android,64,16,1,2412,1080
oneplus,oneplus (42),OnePlus Nord CE 2 Lite 5G (8GB RAM + 256GB),298,8.5,support,snapdragon,8,2.20,5000,1,33,8,256,7,120,3,android,64,16,1,2412,1080
oneplus,oneplus (42),OnePlus Nord CE 3 5G,262,8.3,support,snapdragon,8,2.20,5000,1,67,6,128,7,120,3,android,108,16,1,2412,1080
oneplus,oneplus (42),OnePlus Nord CE 3 Lite 5G,226,8.1,support,snapdragon,8,2.20,5000,1,33,6,128,7,120,3,android,50,16,1,2412,1080
oneplus,oneplus (42),OnePlus Nord Lite,238,7.7,not support,snapdragon,8,2.00,4300,1,30,8,128,7,90,3,android,48,16,0,2400,1080
oneplus,oneplus (42),OnePlus Nord N10,305,8.1,support,snapdragon,8,2.00,4300,1,30,6,128,6,90,4,android,64,16,1,2400,1080
oneplus,oneplus (42),OnePlus Nord N100,202,6.8,not support,snapdragon,8,1.80,5000,1,18,4,64,7,90,3,android,13,8,1,1600,720
oneplus,oneplus (42),OnePlus Nord N20 5G,250,8.1,support,snapdragon,8,2.20,4500,1,33,6,128,6,60,3,android,64,16,1,2400,1080
oneplus,oneplus (42),OnePlus Nord N200,202,7.5,support,snapdragon,8,2.00,5000,1,18,4,64,6,90,3,android,13,16,1,2400,1080
oneplus,oneplus (42),OnePlus Nord N300,226,7.5,support,dimensity,8,2.40,5000,1,33,4,64,7,90,2,android,48,16,1,1612,720
oneplus,oneplus (42),OnePlus Nord SE,238,7.3,support,snapdragon,8,2.00,4500,1,65,4,64,6,60,4,android,48,13,1,2400,1080
oneplus,oneplus (42),OnePlus Z,298,7.9,support,snapdragon,8,2.40,4300,1,30,8,128,7,90,3,android,64,16,0,2400,1080
oppo,oppo (88),OPPO A1 Pro,250,8.4,support,snapdragon,8,2.20,4800,1,67,8,128,7,120,2,android,108,16,1,2412,1080
oppo,oppo (88),Oppo A12,119,6.4,not support,helio,8,1.80,4230,0,0,3,32,6,60,2,android,13,5,1,720,1520
oppo,oppo (88),OPPO A15,119,6.6,not support,helio,8,2.30,4230,0,0,3,32,7,60,3,android,13,5,1,1600,720
oppo,oppo (88),Oppo A15s (4GB RAM + 128GB),137,7.2,not support,helio,8,2.30,4230,0,0,4,128,7,60,3,android,13,8,1,1600,720
oppo,oppo (88),OPPO A16,143,6.9,not support,helio,8,2.30,5000,0,0,4,64,7,60,3,android,13,8,1,1600,720
oppo,oppo (88),OPPO A16e,107,6.5,not support,helio,8,2.00,4230,0,0,3,32,7,60,1,android,13,5,1,1600,720
oppo,oppo (88),OPPO A16e (4GB RAM + 64GB),107,6.8,not support,helio,8,2.00,4230,0,0,4,64,7,60,1,android,13,5,1,1600,720
oppo,oppo (88),OPPO A16K (4GB RAM + 64GB),131,6.6,not support,helio,8,2.30,4230,0,0,4,64,7,60,1,android,13,5,1,1600,720
oppo,oppo (88),OPPO A17,149,7.2,not support,helio,8,2.30,5000,1,18,4,64,7,60,2,android,50,5,1,1612,720
oppo,oppo (88),OPPO A17K,113,6.2,not support,helio,8,2.30,5000,0,0,3,64,7,60,1,android,8,5,1,1612,720
oppo,oppo (88),Oppo A31 2020 (6GB RAM + 128GB),149,7.2,not support,helio,8,2.30,4230,0,0,6,128,7,60,3,android,12,8,1,1600,720
oppo,oppo (88),OPPO A53 2020 (6GB RAM + 128GB),167,7.0,not support,snapdragon,8,1.80,5000,1,18,6,128,7,90,3,android,13,16,1,720,1600
oppo,oppo (88),OPPO A54,145,7.0,not support,helio,8,2.30,5000,1,18,4,64,7,60,3,android,13,16,1,720,1600
oppo,oppo (88),OPPO A54 (4GB RAM + 128GB),143,7.1,not support,helio,8,2.30,5000,1,18,4,128,7,60,3,android,13,16,1,720,1600
oppo,oppo (88),OPPO A54 (6GB RAM + 128GB),179,7.4,not support,helio,8,2.30,5000,1,18,6,128,7,60,3,android,13,16,1,720,1600
oppo,oppo (88),OPPO A55 4G,161,7.3,not support,helio,8,2.30,5000,1,18,4,64,7,60,3,android,50,16,1,1600,720
oppo,oppo (88),OPPO A55 4G (6GB RAM + 128GB),175,7.6,not support,helio,8,2.30,5000,1,18,6,128,7,60,3,android,50,16,1,1600,720
oppo,oppo (88),OPPO A55 5G,214,7.4,support,dimensity,8,2.20,5000,0,0,6,128,7,60,3,android,13,8,1,1600,720
oppo,oppo (88),Oppo A56 5G,214,7.3,support,dimensity,8,2.20,5000,0,0,6,128,7,60,2,android,13,8,1,1600,720
oppo,oppo (88),Oppo A56s,155,7.5,support,dimensity,8,2.40,5000,0,0,8,128,7,60,2,android,13,8,1,1612,720
oppo,oppo (88),OPPO A57 4G,143,6.7,not support,helio,8,2.30,5000,1,33,3,64,7,60,2,android,13,8,1,1612,720
oppo,oppo (88),OPPO A57 4G (4GB RAM + 64 GB),166,6.9,not support,helio,8,2.30,5000,1,33,4,64,7,60,2,android,13,8,1,1612,720
oppo,oppo (88),OPPO A58,226,7.6,not support,dimensity,8,2.20,5000,1,33,6,128,7,90,2,android,50,8,1,1612,720
oppo,oppo (88),OPPO A58x,167,7.2,support,dimensity,8,2.20,5000,1,10,6,128,7,90,2,android,13,8,1,1612,720
oppo,oppo (88),OPPO A73,190,6.2,not support,helio,8,2.50,3200,0,0,3,32,6,60,1,android,13,16,1,2160,1080
oppo,oppo (88),OPPO A74 5G,184,7.7,support,snapdragon,8,2.00,5000,1,18,6,128,7,90,3,android,48,8,1,2400,1080
oppo,oppo (88),OPPO A76,196,7.3,not support,snapdragon,8,2.40,5000,1,33,6,128,7,90,2,android,13,8,1,1612,720
oppo,oppo (88),OPPO A77,185,7.0,not support,helio,8,2.30,5000,1,33,4,64,7,60,2,android,50,8,1,1600,720
oppo,oppo (88),OPPO A77 (4GB RAM + 128 GB),190,7.1,not support,helio,8,2.30,5000,1,33,4,128,7,60,2,android,50,8,1,1600,720
oppo,oppo (88),Oppo A77 5G,262,7.6,support,snapdragon,8,2.40,5000,1,33,6,128,7,90,2,android,48,8,1,1600,720
oppo,oppo (88),OPPO A77s,214,7.6,not support,snapdragon,8,2.40,5000,1,33,8,128,7,90,2,android,50,8,1,1600,720
oppo,oppo (88),Oppo A78,226,7.9,not support,dimensity,8,2.20,5000,1,33,8,128,7,90,2,android,50,8,1,1612,720
oppo,oppo (88),OPPO A96 4G,214,8.0,not support,snapdragon,8,2.40,5000,1,33,8,128,7,90,2,android,50,16,1,2412,1080
oppo,oppo (88),Oppo A96 5G,274,8.2,support,snapdragon,8,2.20,4500,1,33,8,256,6,60,2,android,48,16,1,2400,1080
oppo,oppo (88),OPPO A97 5G,286,7.9,support,dimensity,8,2.40,5000,1,33,12,256,7,90,2,android,48,8,1,2400,1080
oppo,oppo (88),Oppo A98,369,8.7,support,snapdragon,8,3.00,5000,1,67,8,128,7,120,2,android,108,16,1,2412,1080
oppo,oppo (88),OPPO F17 Pro,226,8.3,not support,helio,8,2.20,4015,1,30,8,128,6,60,4,android,48,16,1,2400,1080
oppo,oppo (88),OPPO F19,178,7.8,not support,snapdragon,8,2.00,5000,1,33,6,128,6,60,3,android,48,16,1,2400,1080
oppo,oppo (88),OPPO F19 Pro,214,8.0,not support,helio,8,2.20,4310,1,30,8,128,6,60,4,android,48,16,1,2400,1080
oppo,oppo (88),OPPO F19 Pro Plus 5G,238,8.2,support,dimensity,8,2.40,4310,1,50,8,128,6,60,4,android,48,16,1,2400,1080
oppo,oppo (88),OPPO F19s,190,7.9,not support,snapdragon,8,2.00,5000,1,33,6,128,6,60,3,android,48,16,1,2400,1080
oppo,oppo (88),OPPO F21 Pro 4G,250,8.2,not support,snapdragon,8,2.40,4500,1,33,8,128,7,90,3,android,64,32,1,2400,1080
oppo,oppo (88),OPPO F21 Pro 5G,309,8.2,support,snapdragon,8,2.20,4500,1,33,8,128,6,60,3,android,64,16,1,2400,1080
oppo,oppo (88),OPPO F21s Pro,308,8.2,not support,snapdragon,8,2.20,4500,1,33,8,128,6,60,3,android,64,16,1,2400,1080
oppo,oppo (88),OPPO F21s Pro 4G,261,8.2,not support,snapdragon,8,2.40,4500,1,33,8,128,6,90,3,android,64,32,1,2400,1080
oppo,oppo (88),OPPO F22 Pro,329,8.3,not support,snapdragon,8,2.20,4800,1,67,8,128,7,120,3,android,64,32,1,2400,1080
oppo,oppo (88),OPPO F23 Pro,238,8.2,support,snapdragon,8,2.20,4500,1,33,8,128,7,90,3,android,64,32,1,2400,1080
oppo,oppo (88),OPPO F23 Pro Plus 5G,333,8.3,support,snapdragon,8,2.36,4500,1,65,8,128,6,90,4,android,50,16,1,2460,1080
oppo,oppo (88),Oppo Find N 5G,1098,7.5,support,snapdragon,8,2.84,4500,1,33,8,256,7,120,3,android,50,32,0,1920,1792
oppo,oppo (88),OPPO Find N Flip,1071,8.8,support,dimensity,8,3.05,4300,1,44,8,128,7,120,2,android,50,32,0,2400,1200
oppo,oppo (88),Oppo Find N Fold,1190,7.5,support,snapdragon,8,3.20,5000,1,67,8,256,7,120,2,other,50,32,0,1920,1792
oppo,oppo (88),Oppo Find N2 5G,1131,7.5,support,snapdragon,8,3.20,4520,1,67,12,256,7,120,3,android,50,32,0,1920,1792
oppo,oppo (88),OPPO Find N2 Flip,845,8.8,support,dimensity,8,3.20,4300,1,44,8,256,7,120,2,android,50,32,0,2520,1080
oppo,oppo (88),Oppo Find X3 Pro,607,7.5,support,snapdragon,8,2.84,4500,1,65,12,256,7,120,4,android,50,32,0,3216,1440
oppo,oppo (88),Oppo Find X5 Pro 5G,952,7.5,support,snapdragon,8,3.00,5000,1,80,8,256,7,120,3,android,50,32,0,3216,1440
oppo,oppo (88),Oppo Find X6,833,8.9,support,snapdragon,8,3.20,4700,1,120,8,256,7,120,3,android,50,32,0,2400,1080
oppo,oppo (88),Oppo Find X6 Pro,928,7.5,support,snapdragon,8,3.20,4700,1,120,12,256,7,120,3,android,50,32,0,2400,1080
oppo,oppo (88),OPPO K10,161,7.8,not support,snapdragon,8,2.40,5000,1,33,6,128,7,90,3,android,50,16,1,2412,1080
oppo,oppo (88),OPPO K10 (8GB RAM + 128GB),202,8.0,not support,snapdragon,8,2.40,5000,1,33,8,128,7,90,3,android,50,16,1,2412,1080
oppo,oppo (88),OPPO K10 5G,202,7.9,support,dimensity,8,2.40,5000,1,33,8,128,7,90,2,android,48,8,1,1612,720
oppo,oppo (88),Oppo K10 Pro 5G,357,8.1,support,snapdragon,8,2.84,5000,1,80,8,128,7,120,3,android,50,16,0,2400,1080
oppo,oppo (88),Oppo K10x 5G,202,7.8,support,snapdragon,8,2.20,5000,1,67,6,128,7,120,3,android,64,16,0,2412,1080
oppo,oppo (88),Oppo K5 (8GB RAM + 128GB),238,8.2,not support,snapdragon,8,2.20,4000,1,30,8,128,6,60,4,android,64,32,1,2340,1080
oppo,oppo (88),OPPO Reno 10,393,8.4,support,snapdragon,8,2.50,5000,1,120,8,256,7,120,3,android,50,32,0,2412,1080
oppo,oppo (88),OPPO Reno 10 Pro,512,8.6,support,dimensity,8,3.05,5000,1,120,16,256,7,120,2,android,50,32,0,2412,1080
oppo,oppo (88),Oppo Reno 10 Pro Plus,702,8.8,support,snapdragon,8,3.20,4700,1,80,12,256,7,120,4,android,64,32,0,2412,1080
oppo,oppo (88),Oppo Reno 5,357,8.3,not support,snapdragon,8,2.40,4300,1,65,8,128,6,60,4,android,64,32,0,2400,1080
oppo,oppo (88),Oppo Reno 5 Pro 5G,461,8.4,support,dimensity,8,2.60,4350,1,65,8,128,7,90,4,android,64,32,0,2400,1080
oppo,oppo (88),Oppo Reno 5A,274,8.0,support,snapdragon,8,2.40,4000,1,18,6,128,7,90,4,android,64,16,1,2400,1080
oppo,oppo (88),OPPO Reno 6,314,8.3,not support,dimensity,8,2.00,4300,1,65,8,128,6,90,3,android,64,32,0,2400,1080
oppo,oppo (88),OPPO Reno 6 Pro 5G,438,8.7,support,dimensity,8,3.00,4500,1,65,12,256,7,90,4,android,64,32,0,2400,1080
oppo,oppo (88),OPPO Reno 6 Pro Plus 5G,536,8.7,support,snapdragon,8,3.20,4500,1,65,8,128,7,90,4,android,50,32,0,2400,1080
oppo,oppo (88),OPPO Reno 8 House of Dragon Edition,393,8.4,support,dimensity,8,3.00,4500,1,80,8,128,6,90,3,android,50,32,0,2400,1080
oppo,oppo (88),Oppo Reno 8 Pro (8GB RAM + 256GB),512,8.5,support,dimensity,8,2.85,4500,1,80,8,256,7,120,3,android,50,32,0,2412,1080
oppo,oppo (88),OPPO Reno 8 Pro 5G,548,8.6,support,dimensity,8,2.85,4500,1,80,12,256,7,120,3,android,50,32,0,2412,1080
oppo,oppo (88),OPPO Reno 8 Pro House of Dragon Edition,548,8.6,support,dimensity,8,2.85,4500,1,80,12,256,7,120,3,android,50,32,0,2412,1080
oppo,oppo (88),OPPO Reno 8 Z,321,8.6,support,snapdragon,8,2.20,4500,1,33,8,256,6,60,3,android,64,16,1,2400,1080
oppo,oppo (88),Oppo Reno 8T,357,8.7,support,snapdragon,8,2.20,5000,1,66,8,256,7,120,3,android,108,16,1,2400,1080
oppo,oppo (88),Oppo Reno 8T 4G,238,8.3,not support,helio,8,2.20,5000,1,66,8,256,7,120,3,android,50,16,1,2400,1080
oppo,oppo (88),OPPO Reno 9 5G,339,8.3,support,snapdragon,8,2.40,4500,1,67,8,256,7,120,2,android,64,32,0,2412,1080
oppo,oppo (88),OPPO Reno 9 Pro 5G,476,8.6,support,dimensity,8,2.85,4500,1,67,16,256,7,120,2,android,50,32,0,2412,1080
oppo,oppo (88),OPPO Reno 9 Pro Plus,548,8.6,support,snapdragon,8,3.20,4700,1,80,16,256,7,120,3,android,50,32,0,2412,1080
oppo,oppo (88),OPPO Reno 9 Z,274,8.4,support,snapdragon,8,2.20,4800,1,33,8,128,7,120,3,android,50,32,1,2400,1080
oppo,oppo (88),OPPO Reno7 5G,309,8.5,support,dimensity,8,2.00,4500,1,65,8,256,6,90,3,android,64,32,1,2400,1080
oppo,oppo (88),OPPO Reno7 Pro 5G,381,8.7,support,dimensity,8,3.00,4500,1,65,12,256,7,90,3,android,50,32,1,2400,1080
oppo,oppo (88),OPPO Reno7 Z 5G,214,8.4,support,snapdragon,8,2.20,4500,1,33,8,128,6,60,3,android,64,16,1,2400,1080
oppo,oppo (88),OPPO Reno8 5G,349,8.3,support,dimensity,8,3.00,4500,1,80,8,128,6,90,3,android,50,32,0,2400,1080
oppo,oppo (88),OPPO X 2021,1607,8.6,not support,snapdragon,8,2.84,4000,1,45,8,256,7,60,3,android,64,16,0,3200,1440
poco,poco (41),POCO C31,77,6.5,not support,helio,8,2.30,5000,0,0,3,32,7,60,3,android,13,5,1,1600,720
poco,poco (41),POCO C31 (4GB RAM + 64GB),89,6.8,not support,helio,8,2.30,5000,0,0,4,64,7,60,3,android,13,5,1,1600,720
poco,poco (41),Poco C50,77,7.5,not support,helio,4,2.00,5000,1,10,2,32,7,60,2,android,8,5,1,1600,720
poco,poco (41),Poco C50 (3GB RAM + 32GB),87,6.1,not support,helio,4,2.00,5000,1,10,3,32,7,60,2,android,8,5,1,1600,720
poco,poco (41),Poco C55,95,7.0,not support,helio,8,2.00,5000,0,0,4,64,7,60,2,android,50,5,1,1650,720
poco,poco (41),Poco F3 GT,393,7.9,support,dimensity,8,3.00,5065,1,67,6,128,7,120,3,android,64,16,0,2400,1080
poco,poco (41),Poco F4 (12GB RAM + 256GB),357,8.6,support,snapdragon,8,3.20,4500,1,67,12,256,7,120,3,android,64,20,0,2400,1080
poco,poco (41),Poco F4 5G,310,8.2,support,snapdragon,8,3.20,4500,1,67,6,128,7,120,3,android,64,20,0,2400,1080
poco,poco (41),Poco F4 5G (8GB RAM + 128GB),333,8.5,support,snapdragon,8,3.20,4500,1,67,8,128,7,120,3,android,64,20,0,2400,1080
poco,poco (41),POCO F4 GT 5G,476,8.6,support,snapdragon,8,3.00,4700,1,120,8,128,7,120,3,android,64,20,0,2400,1080
poco,poco (41),Poco F5,417,8.5,support,snapdragon,8,3.20,4700,1,67,8,128,7,120,3,android,64,32,0,2400,1080
poco,poco (41),POCO F5 GT 5G,512,8.6,support,dimensity,8,3.00,4500,1,150,8,128,7,120,3,android,64,20,0,2412,1080
poco,poco (41),Poco F5 Pro,357,8.4,support,snapdragon,8,3.20,5500,1,67,8,128,7,120,3,android,64,16,0,3200,1440
poco,poco (41),Poco M2,130,7.4,not support,helio,8,2.00,5000,1,18,6,64,7,60,4,android,13,8,1,2340,1080
poco,poco (41),POCO M2 Pro,152,7.6,not support,snapdragon,8,2.30,5000,1,33,4,64,7,60,4,android,48,16,1,2400,1080
poco,poco (41),Poco M3,137,7.5,not support,snapdragon,8,2.00,6000,1,18,6,64,7,60,3,android,48,8,1,2340,1080
poco,poco (41),POCO M3 Pro 5G,190,7.5,support,dimensity,8,2.20,5000,1,18,4,64,7,90,3,android,48,8,1,2400,1080
poco,poco (41),POCO M3 Pro 5G (6GB RAM + 128GB),176,7.9,support,dimensity,8,2.20,5000,1,18,6,128,7,90,3,android,48,8,1,2400,1080
poco,poco (41),Poco M4 5G,137,7.5,support,dimensity,8,2.20,5000,1,18,4,64,7,90,2,android,50,8,1,2400,1080
poco,poco (41),Poco M4 5G (6GB RAM + 128GB),161,7.9,support,dimensity,8,2.20,5000,1,18,6,128,7,90,2,android,50,8,1,2400,1080
poco,poco (41),POCO M4 Pro 4G,143,7.7,not support,helio,8,2.05,5000,1,33,6,64,6,90,3,android,64,16,1,2400,1080
poco,poco (41),POCO M4 Pro 4G (6GB RAM + 128GB),155,7.9,not support,helio,8,2.05,5000,1,33,6,128,6,90,3,android,64,16,1,2400,1080
poco,poco (41),POCO M4 Pro 4G (8GB RAM + 128GB),167,8.1,not support,helio,8,2.05,5000,1,33,8,128,6,90,3,android,64,16,1,2400,1080
poco,poco (41),Poco M4 Pro 5G,155,7.6,support,dimensity,8,2.40,5000,1,33,4,64,7,90,2,android,50,16,1,2400,1080
poco,poco (41),Poco M4 Pro 5G (6GB RAM + 128GB),179,8.1,support,dimensity,8,2.40,5000,1,33,6,128,7,90,2,android,50,16,1,2400,1080
poco,poco (41),Poco M4 Pro 5G (8GB RAM + 128GB),190,8.2,support,dimensity,8,2.40,5000,1,33,8,128,7,90,2,android,50,16,1,2400,1080
poco,poco (41),Poco M5,129,7.4,not support,helio,8,2.20,5000,1,18,4,64,7,90,3,android,50,8,1,2400,1080
poco,poco (41),Poco M5 (6GB RAM + 128GB),173,7.7,not support,helio,8,2.20,5000,1,18,6,128,7,90,3,android,50,8,1,2400,1080
poco,poco (41),Poco M6 Pro,238,8.4,support,dimensity,8,2.50,5100,1,120,8,128,7,120,3,android,108,32,1,2400,1080
poco,poco (41),Poco X3,161,8.0,not support,snapdragon,8,2.30,6000,1,33,6,64,7,120,4,android,64,20,1,2400,1080
poco,poco (41),Poco X3 Pro,234,8.2,not support,snapdragon,8,2.96,5160,1,33,6,128,7,120,4,android,48,20,1,2400,1080
poco,poco (41),Poco X4,178,7.9,not support,dimensity,8,2.20,5000,1,67,6,128,7,120,3,android,50,16,1,2400,1080
poco,poco (41),POCO X4 GT 5G,298,8.4,support,dimensity,8,2.85,5080,1,67,8,128,7,144,3,android,64,16,0,2460,1080
poco,poco (41),POCO X4 GT 5G (8GB RAM + 256GB),345,8.5,support,dimensity,8,2.85,5080,1,67,8,256,7,144,3,android,64,16,0,2460,1080
poco,poco (41),Poco X4 Pro 5G,179,8.0,support,snapdragon,8,2.20,5000,1,67,6,64,7,120,3,android,64,16,1,2400,1080
poco,poco (41),Poco X4 Pro 5G (6GB RAM + 128GB),196,8.2,support,snapdragon,8,2.20,5000,1,67,6,128,7,120,3,android,64,16,1,2400,1080
poco,poco (41),Poco X4 Pro 5G (8GB RAM + 128GB),214,8.4,support,snapdragon,8,2.20,5000,1,67,8,128,7,120,3,android,64,16,1,2400,1080
poco,poco (41),Poco X5,179,7.4,support,snapdragon,8,2.20,5000,1,33,4,128,7,120,3,android,48,8,0,2400,1080
poco,poco (41),POCO X5 GT,357,8.4,support,dimensity,8,3.20,5000,1,80,8,128,7,144,3,android,64,32,0,2400,1080
poco,poco (41),Poco X5 Pro,250,8.1,support,snapdragon,8,2.40,5000,1,67,6,128,7,120,3,android,108,16,0,2400,1080
poco,poco (41),Poco X6 Pro 5G,238,7.2,support,snapdragon,8,2.80,5000,1,67,6,128,7,120,4,android,64,32,1,2400,1080
realme,realme (97),Realme 10,167,7.4,not support,helio,8,2.20,5000,1,33,4,64,6,90,2,android,50,16,1,2400,1080
realme,realme (97),Realme 10 (8GB RAM + 128GB),202,7.9,not support,helio,8,2.20,5000,1,33,8,128,6,90,2,android,50,16,1,2400,1080
realme,realme (97),Realme 10 5G,173,7.9,support,dimensity,8,2.20,5000,1,33,8,128,7,90,3,android,50,8,1,2408,1080
realme,realme (97),Realme 10 Pro,226,8.2,support,snapdragon,8,2.20,5000,1,33,6,128,7,120,2,android,108,16,1,2400,1080
realme,realme (97),Realme 10 Pro (8GB RAM + 128GB),238,8.4,support,snapdragon,8,2.20,5000,1,33,8,128,7,120,2,android,108,16,1,2400,1080
realme,realme (97),Realme 10 Pro Plus,298,8.2,support,dimensity,8,2.60,5000,1,67,6,128,7,120,3,android,108,16,0,2412,1080
realme,realme (97),Realme 10 Pro Plus (8GB RAM + 256GB),333,8.5,support,dimensity,8,2.60,5000,1,67,8,256,7,120,3,android,108,16,0,2412,1080
realme,realme (97),Realme 10s,155,8.0,support,dimensity,8,2.40,5000,1,33,8,128,7,90,2,android,50,8,1,2408,1080
realme,realme (97),Realme 11 Pro,345,8.2,support,snapdragon,8,3.00,5000,1,65,6,128,6,120,3,android,64,32,1,2400,1080
realme,realme (97),Realme 11 Pro Plus,298,7.8,support,dimensity,8,2.20,4200,1,66,6,128,6,90,3,android,50,16,0,2400,1080
realme,realme (97),Realme 6 (6GB RAM + 64GB),155,7.7,not support,helio,8,2.05,4300,1,30,6,64,7,90,4,android,64,16,1,2400,1080
realme,realme (97),Realme 6 Pro,173,8.0,not support,snapdragon,8,2.30,4300,1,30,6,64,7,90,4,android,64,16,1,2400,1080
realme,realme (97),Realme 7 Pro (8GB RAM + 128GB),262,8.5,not support,snapdragon,8,2.30,4500,1,65,8,128,6,60,4,android,64,32,1,2400,1080
realme,realme (97),Realme 8,190,7.8,not support,helio,8,2.00,5000,1,30,4,128,6,60,4,android,64,16,1,2400,1080
realme,realme (97),Realme 8 (8GB RAM + 128GB),214,8.3,not support,helio,8,2.00,5000,1,30,8,128,6,60,4,android,64,16,1,2400,1080
realme,realme (97),Realme 8 5G,196,7.5,support,dimensity,8,2.20,5000,1,18,4,128,7,90,3,android,48,16,1,2400,1080
realme,realme (97),Realme 8 5G (8GB RAM + 128GB),220,8.0,support,dimensity,8,2.20,5000,1,18,8,128,7,90,3,android,48,16,1,2400,1080
realme,realme (97),Realme 8i,149,7.4,not support,helio,8,2.05,5000,1,18,4,64,7,120,3,android,50,16,1,2412,1080
realme,realme (97),Realme 8i (6GB RAM + 128GB),167,7.7,not support,helio,8,2.05,5000,1,18,6,128,7,120,3,android,50,16,1,2412,1080
realme,realme (97),Realme 8s 5G,214,8.0,support,dimensity,8,2.40,5000,1,33,6,128,7,90,3,android,64,16,1,2400,1080
realme,realme (97),Realme 8s 5G (8GB RAM + 128GB),208,8.2,support,dimensity,8,2.40,5000,1,33,8,128,7,90,3,android,64,16,1,2400,1080
realme,realme (97),Realme 9 4G,179,8.1,not support,snapdragon,8,2.40,5000,1,33,6,128,6,90,3,android,108,16,1,2400,1080
realme,realme (97),Realme 9 4G (8GB RAM + 128GB),190,8.4,not support,snapdragon,8,2.40,5000,1,33,8,128,6,90,3,android,108,16,1,2400,1080
realme,realme (97),Realme 9 5G,167,7.5,support,dimensity,8,2.40,5000,1,18,4,64,7,90,3,android,48,16,1,2400,1080
realme,realme (97),Realme 9 5G (6GB RAM + 128GB),185,7.9,support,dimensity,8,2.40,5000,1,18,6,128,7,90,3,android,48,16,1,2400,1080
realme,realme (97),Realme 9 5G SE,226,8.0,support,snapdragon,8,2.40,5000,1,30,6,128,7,144,3,android,48,16,1,2412,1080
realme,realme (97),Realme 9 5G SE (8GB RAM + 128GB),274,8.2,support,snapdragon,8,2.40,5000,1,30,8,128,7,144,3,android,48,16,1,2412,1080
realme,realme (97),Realme 9 Pro 5G,226,8.0,support,snapdragon,8,2.20,5000,1,33,6,128,7,120,3,android,64,16,1,2412,1080
realme,realme (97),Realme 9 Pro 5G (8GB RAM + 128GB),250,8.2,support,snapdragon,8,2.20,5000,1,33,8,128,7,120,3,android,64,16,1,2412,1080
realme,realme (97),Realme 9 Pro Plus 5G,308,7.8,support,dimensity,8,2.50,4500,1,60,6,128,6,90,3,android,50,16,0,2400,1080
realme,realme (97),Realme 9 Pro Plus 5G (8GB RAM + 128GB),274,8.1,support,dimensity,8,2.50,4500,1,60,8,128,6,90,3,android,50,16,0,2400,1080
realme,realme (97),Realme 9 Pro Plus 5G (8GB RAM + 256GB),292,8.2,support,dimensity,8,2.50,4500,1,60,8,256,6,90,3,android,50,16,0,2400,1080
realme,realme (97),Realme 9i,149,7.5,not support,snapdragon,8,2.40,5000,1,33,4,64,7,90,3,android,50,16,1,2412,1080
realme,realme (97),Realme 9i (4GB RAM + 128GB),167,7.5,not support,snapdragon,8,2.40,5000,1,33,4,128,7,90,3,android,50,16,1,2412,1080
realme,realme (97),Realme 9i (6GB RAM + 128GB),179,7.8,not support,snapdragon,8,2.40,5000,1,33,6,128,7,90,3,android,50,16,1,2412,1080
realme,realme (97),Realme 9i 5G,178,7.5,support,dimensity,8,2.40,5000,1,18,4,64,7,90,3,android,50,8,1,2408,1080
realme,realme (97),Realme 9i 5G (6GB RAM + 128GB),202,7.8,support,dimensity,8,2.40,5000,1,18,6,128,7,90,3,android,50,8,1,2408,1080
realme,realme (97),Realme A1,107,7.5,not support,helio,8,2.10,4000,0,0,2,16,6,60,2,android,13,8,1,1520,720
realme,realme (97),Realme C11,77,6.1,not support,helio,8,2.30,5000,0,0,2,32,7,60,2,android,13,5,1,1600,720
realme,realme (97),Realme C11 2021,77,6.1,not support,sc9863a,8,1.60,5000,0,0,2,32,7,60,1,android,8,5,1,1600,720
realme,realme (97),Realme C11 2021 (4GB RAM + 64GB),92,6.1,not support,sc9863a,8,1.60,5000,0,0,4,64,7,60,1,android,8,5,1,1600,720
realme,realme (97),Realme C2,83,7.5,not support,helio,8,2.00,4000,0,0,2,16,6,60,2,android,13,5,1,720,1560
realme,realme (97),Realme C21Y,83,6.2,not support,unisoc,8,1.80,5000,0,0,3,32,7,60,3,android,13,5,1,1600,720
realme,realme (97),Realme C25Y (4GB RAM + 64GB),107,6.9,not support,tiger,8,1.80,5000,1,18,4,64,7,60,3,android,50,8,1,720,1600
realme,realme (97),Realme C2s,42,6.3,not support,helio,8,2.00,4000,0,0,3,32,6,60,2,android,13,5,1,1560,720
realme,realme (97),Realme C30,63,7.5,not support,tiger,8,1.82,5000,0,0,2,32,7,60,1,android,8,5,1,1600,720
realme,realme (97),Realme C30 (3GB RAM + 32GB),75,6.0,not support,tiger,8,1.82,5000,0,0,3,32,7,60,1,android,8,5,1,1600,720
realme,realme (97),Realme C30s,85,7.5,not support,unisoc,8,1.60,5000,1,10,2,32,7,60,1,android,8,5,1,1600,720
realme,realme (97),Realme C30s (4GB RAM + 64GB),107,6.2,not support,unisoc,8,1.60,5000,1,10,4,64,7,60,1,android,8,5,1,1600,720
realme,realme (97),Realme C31,99,6.2,not support,tiger,8,1.82,5000,0,0,3,32,7,60,3,android,13,5,1,1600,720
realme,realme (97),Realme C31 (4GB RAM + 64GB),107,6.5,not support,tiger,8,1.82,5000,0,0,4,64,7,60,3,android,13,5,1,1600,720
realme,realme (97),Realme C32,113,6.5,not support,tiger,8,1.82,5000,0,0,4,64,7,60,3,android,13,5,1,1600,720
realme,realme (97),Realme C33,107,6.4,not support,unisoc,8,1.80,5000,0,0,3,32,7,60,2,android,50,5,1,1600,720
realme,realme (97),Realme C33 (4GB RAM + 64GB),119,6.7,not support,unisoc,8,1.80,5000,0,0,4,64,7,60,2,android,50,5,1,1600,720
realme,realme (97),Realme C35,141,7.0,not support,tiger,8,1.80,5000,1,18,4,64,7,60,3,android,50,8,1,2408,1080
realme,realme (97),Realme C35 (4GB RAM + 128GB),152,7.1,not support,tiger,8,1.80,5000,1,18,4,128,7,90,3,android,50,8,1,2408,1080
realme,realme (97),Realme C35 (6GB RAM + 128GB),167,7.4,not support,tiger,8,1.80,5000,1,18,6,128,7,90,3,android,50,8,1,2408,1080
realme,realme (97),Realme G1,95,6.4,not support,helio,8,2.30,6000,0,0,3,32,7,60,3,android,13,5,1,1600,720
realme,realme (97),Realme GT 2 5G,345,8.4,support,snapdragon,8,2.84,5000,1,65,8,128,7,120,3,android,50,16,0,2400,1080
realme,realme (97),Realme GT 2 Explorer Master Edition,488,8.6,support,snapdragon,8,3.20,5000,1,100,8,128,7,120,3,android,50,16,0,2412,1080
realme,realme (97),Realme GT 2 Pro 5G,595,8.9,support,snapdragon,8,3.00,5000,1,65,8,128,7,120,3,android,50,32,0,3216,1440
realme,realme (97),Realme GT 2 Pro 5G (12GB RAM + 256GB),560,8.9,support,snapdragon,8,3.00,5000,1,65,12,256,7,120,3,android,50,32,0,3216,1440
realme,realme (97),Realme GT 5G,369,8.5,support,snapdragon,8,2.84,4500,1,65,8,128,6,120,3,android,64,16,0,2400,1080
realme,realme (97),Realme GT Explorer Master Edition,393,8.5,support,snapdragon,8,3.20,4500,1,65,8,128,7,120,3,android,50,32,0,2400,1080
realme,realme (97),Realme GT Master Edition 5G,333,8.4,support,snapdragon,8,2.40,4300,1,65,8,128,6,120,3,android,64,32,0,2400,1080
realme,realme (97),Realme GT Neo 3 5G,381,8.3,support,dimensity,8,2.85,5000,1,80,8,128,7,120,3,android,50,16,0,2412,1080
realme,realme (97),Realme GT Neo 3T,298,7.9,support,snapdragon,8,3.20,5000,1,80,6,128,7,120,3,android,64,16,0,2400,1080
realme,realme (97),Realme GT Neo 3T (8GB RAM + 128GB),315,8.1,support,snapdragon,8,3.20,5000,1,80,8,128,7,120,3,android,64,16,0,2400,1080
realme,realme (97),Realme GT Neo 3T (8GB RAM + 256GB),339,8.2,support,snapdragon,8,3.20,5000,1,80,8,256,7,120,3,android,64,16,0,2400,1080
realme,realme (97),Realme GT Neo 4T,357,8.0,support,snapdragon,8,3.00,5000,1,120,8,128,7,144,3,android,50,16,0,2400,1080
realme,realme (97),Realme GT Neo 5,417,8.3,support,snapdragon,8,3.20,4600,1,240,8,128,7,120,3,android,50,16,0,2412,1080
realme,realme (97),Realme GT Neo2 5G,381,8.2,support,snapdragon,8,3.20,5000,1,65,8,128,7,120,3,android,64,16,0,1080,2400
realme,realme (97),Realme Narzo 20,125,7.2,not support,helio,8,2.00,6000,1,18,4,64,7,60,3,android,48,8,1,1600,720
realme,realme (97),Realme Narzo 30 5G,202,8.0,support,dimensity,8,2.20,5000,1,18,6,128,7,90,3,android,48,16,1,2400,1080
realme,realme (97),Realme Narzo 30 Pro 5G (8GB RAM +128GB),238,8.3,support,dimensity,8,2.40,5000,1,30,8,128,7,120,3,android,48,16,1,2400,1080
realme,realme (97),Realme Narzo 50,131,7.4,not support,helio,8,2.00,5000,1,33,4,64,7,120,3,android,50,16,1,2412,1080
realme,realme (97),Realme Narzo 50 (6GB RAM + 128GB),185,7.7,not support,helio,8,2.00,5000,1,33,6,128,7,120,3,android,50,16,1,2412,1080
realme,realme (97),Realme Narzo 50 5G,214,7.9,support,dimensity,8,2.40,5000,1,33,6,128,7,90,3,android,48,16,1,2400,1080
realme,realme (97),Realme Narzo 50 5G (4GB RAM + 128GB),179,7.6,support,dimensity,8,2.40,5000,1,33,4,128,7,90,3,android,48,16,1,2400,1080
realme,realme (97),Realme Narzo 50 5G (4GB RAM + 64GB),161,7.5,support,dimensity,8,2.40,5000,1,33,4,64,7,90,3,android,48,16,1,2400,1080
realme,realme (97),Realme Narzo 50 Pro 5G,244,8.1,support,dimensity,8,2.50,5000,1,33,6,128,6,90,3,android,48,16,1,2400,1080
realme,realme (97),Realme Narzo 50 Pro 5G (8GB RAM + 128GB),274,8.3,support,dimensity,8,2.50,5000,1,33,8,128,6,90,3,android,48,16,1,2400,1080
realme,realme (97),Realme Narzo 50A,137,7.1,not support,helio,8,2.00,6000,1,18,4,64,7,60,3,android,50,8,1,1600,720
realme,realme (97),Realme Narzo 50A Prime,136,7.3,not support,tiger,8,1.82,5000,1,18,4,64,7,60,3,android,50,8,1,2408,1080
realme,realme (97),Realme Narzo 50A Prime (4GB RAM + 128GB),141,7.4,not support,tiger,8,1.82,5000,1,18,4,128,7,60,3,android,50,8,1,2408,1080
realme,realme (97),Realme Narzo 50i,77,7.5,not support,unisoc,8,1.60,5000,0,0,2,32,7,60,1,android,8,5,1,1600,720
realme,realme (97),Realme Narzo 50i (4GB RAM + 64GB),107,6.2,not support,unisoc,8,1.60,5000,0,0,4,64,7,60,1,android,8,5,1,1600,720
realme,realme (97),Realme Narzo 50i Prime,95,6.1,not support,tiger,8,1.82,5000,1,10,3,32,7,60,1,android,8,5,1,1600,720
realme,realme (97),Realme Narzo 50i Prime (4GB RAM + 64GB),104,6.4,not support,tiger,8,1.82,5000,1,10,4,64,7,60,1,android,8,5,1,1600,720
realme,realme (97),Realme Q2i,119,6.9,support,dimensity,8,2.00,5000,1,18,4,128,7,60,3,android,13,8,0,1600,720
realme,realme (97),Realme Q3,179,8.0,support,snapdragon,8,2.20,5000,1,30,6,128,7,120,3,android,48,16,1,2400,1080
realme,realme (97),Realme Q3i 5G,131,7.6,support,dimensity,8,2.20,5000,1,18,4,128,7,60,3,android,48,16,1,2400,1080
realme,realme (97),Realme Q5 5G,178,7.8,support,snapdragon,8,2.20,5000,1,60,6,128,7,120,3,android,50,16,1,2412,1080
realme,realme (97),Realme X50 Pro 5G (12GB RAM + 256GB),333,8.7,support,snapdragon,8,2.84,4200,1,65,12,256,6,90,4,android,64,32,0,2400,1080
realme,realme (97),Realme X50 Pro 5G (8GB RAM + 128GB),298,8.5,support,snapdragon,8,2.84,4200,1,65,8,128,6,90,4,android,64,32,0,2400,1080
realme,realme (97),Realme X7 Max,321,8.4,support,dimensity,8,3.00,4500,1,50,8,128,6,120,3,android,64,16,0,2400,1080
realme,realme (97),Realme XT,158,7.5,not support,snapdragon,8,2.30,4000,1,20,4,64,6,60,4,android,64,16,1,2340,1080
samsung,samsung (132),Samsung Galaxy A01 Core,60,7.5,not support,mediatek,4,1.50,3000,0,0,1,16,5,60,1,android,8,5,1,1480,720
samsung,samsung (132),Samsung Galaxy A03,86,6.6,not support,unisoc,8,1.60,5000,1,15,3,32,7,60,2,android,48,5,1,1560,720
samsung,samsung (132),Samsung Galaxy A03 (4GB RAM + 64GB),137,6.9,not support,unisoc,8,1.60,5000,1,15,4,64,7,60,2,android,48,5,1,1560,720
samsung,samsung (132),Samsung Galaxy A03 Core,77,7.5,not support,unisoc,4,1.60,5000,0,0,2,32,7,60,1,android,8,5,1,1600,720
samsung,samsung (132),Samsung Galaxy A03s,101,6.7,not support,helio,8,2.30,5000,1,15,3,32,7,60,3,android,13,5,1,1600,720
samsung,samsung (132),Samsung Galaxy A04,143,7.1,not support,helio,8,2.30,5000,1,25,4,64,7,60,2,android,50,5,1,1600,720
samsung,samsung (132),Samsung Galaxy A04 (4GB RAM + 128GB),155,7.2,not support,helio,8,2.30,5000,1,25,4,128,7,60,2,android,50,5,1,1600,720
samsung,samsung (132),Samsung Galaxy A04e,111,6.5,not support,helio,8,2.30,5000,0,0,3,32,7,60,2,android,13,5,1,1600,720
samsung,samsung (132),Samsung Galaxy A04e (3GB RAM + 64GB),118,6.6,not support,helio,8,2.30,5000,0,0,3,64,7,60,2,android,13,5,1,1600,720
samsung,samsung (132),Samsung Galaxy A04e (4GB RAM + 128GB),137,6.9,not support,helio,8,2.30,5000,0,0,4,128,7,60,2,android,13,5,1,1600,720
samsung,samsung (132),Samsung Galaxy A04s,155,7.1,not support,exynos,8,2.00,5000,1,15,4,64,7,90,3,android,50,5,1,1600,720
samsung,samsung (132),Samsung Galaxy A04s (4GB RAM + 128GB),173,7.2,not support,exynos,8,2.00,5000,1,15,4,128,7,90,3,android,50,5,1,1600,720
samsung,samsung (132),Samsung Galaxy A05,155,6.3,not support,helio,8,2.00,5000,1,18,4,64,7,60,2,android,48,5,1,1560,720
samsung,samsung (132),Samsung Galaxy A11,119,6.3,not support,snapdragon,8,1.80,4000,1,15,2,32,6,60,3,android,13,8,1,1560,720
samsung,samsung (132),Samsung Galaxy A12,143,7.1,not support,helio,8,2.30,5000,1,15,4,64,7,60,4,android,48,8,1,1560,720
samsung,samsung (132),Samsung Galaxy A12 (6GB RAM + 128GB),167,7.5,not support,helio,8,2.30,5000,1,15,6,128,7,60,4,android,48,8,1,1560,720
samsung,samsung (132),Samsung Galaxy A13,172,7.5,not support,exynos,8,2.00,5000,1,25,4,64,7,60,4,android,50,8,1,2408,1080
samsung,samsung (132),Samsung Galaxy A13 (4GB RAM + 128GB),179,7.5,not support,exynos,8,2.00,5000,1,25,4,128,7,60,4,android,50,8,1,2408,1080
samsung,samsung (132),Samsung Galaxy A13 (6GB RAM + 128GB),196,7.8,not support,exynos,8,2.00,5000,1,25,6,128,7,60,4,android,50,8,1,2408,1080
samsung,samsung (132),Samsung Galaxy A13 5G,214,7.3,support,dimensity,8,2.20,5000,1,15,4,64,7,90,3,android,50,5,1,1600,720
samsung,samsung (132),Samsung Galaxy A14 5G,196,7.5,support,exynos,8,2.40,5000,1,15,4,64,7,90,3,android,50,13,1,2408,1080
samsung,samsung (132),Samsung Galaxy A14 5G (6GB RAM + 128GB),226,7.9,support,exynos,8,2.40,5000,1,15,6,128,7,90,3,android,50,13,1,2408,1080
samsung,samsung (132),Samsung Galaxy A14 5G (8GB RAM + 128GB),250,8.2,support,exynos,8,2.40,5000,1,15,8,128,7,90,3,android,50,13,1,2408,1080
samsung,samsung (132),Samsung Galaxy A15,190,6.3,not support,helio,8,2.00,5000,1,25,6,64,7,60,3,android,48,8,1,1600,720
samsung,samsung (132),Samsung Galaxy A21s (6GB RAM + 128GB),208,7.5,not support,exynos,8,2.00,5000,0,0,6,128,7,60,4,android,48,13,1,1600,720
samsung,samsung (132),Samsung Galaxy A22,220,7.6,not support,helio,8,2.00,5000,1,15,6,128,6,60,4,android,48,13,1,1600,720
samsung,samsung (132),Samsung Galaxy A22 5G,214,7.9,support,dimensity,8,2.20,5000,1,15,6,128,7,90,3,android,48,8,1,2408,1080
samsung,samsung (132),Samsung Galaxy A23,220,7.9,not support,snapdragon,8,2.40,5000,1,25,6,128,7,60,4,android,50,8,1,2408,1080
samsung,samsung (132),Samsung Galaxy A23 (8GB RAM + 128GB),238,8.2,not support,snapdragon,8,2.40,5000,1,25,8,128,7,60,4,android,50,8,1,2408,1080
samsung,samsung (132),Samsung Galaxy A23 5G,274,7.9,support,snapdragon,8,2.20,5000,1,25,6,128,7,120,4,android,50,8,1,2408,1080
samsung,samsung (132),Samsung Galaxy A23 5G (8GB RAM + 128GB),298,8.1,support,snapdragon,8,2.20,5000,1,25,8,128,7,120,4,android,50,8,1,2408,1080
samsung,samsung (132),Samsung Galaxy A24,214,7.7,not support,exynos,8,1.80,4000,1,15,6,64,6,60,3,android,48,16,1,2408,1080
samsung,samsung (132),Samsung Galaxy A32,196,8.0,not support,helio,8,2.00,5000,1,15,6,128,6,90,4,android,64,20,1,2400,1080
samsung,samsung (132),Samsung Galaxy A32 (8GB RAM + 128GB),196,8.2,not support,helio,8,2.00,5000,1,15,8,128,6,90,4,android,64,20,1,2400,1080
samsung,samsung (132),Samsung Galaxy A32 5G,292,7.9,support,dimensity,8,2.00,5000,1,15,6,128,7,90,4,android,48,13,1,1600,720
samsung,samsung (132),Samsung Galaxy A33 5G,310,8.2,support,exynos,8,2.40,5000,1,25,6,128,6,90,4,android,48,13,1,2400,1080
samsung,samsung (132),Samsung Galaxy A33 5G (8GB RAM + 128GB),327,8.5,support,exynos,8,2.40,5000,1,25,8,128,6,90,4,android,48,13,1,2400,1080
samsung,samsung (132),Samsung Galaxy A34 5G,298,7.5,support,exynos,8,2.40,5000,1,33,6,128,7,90,4,android,48,13,1,2400,1080
samsung,samsung (132),Samsung Galaxy A40,214,6.9,not support,exynos,8,2.20,3100,1,15,4,64,6,60,2,android,16,25,1,2340,1080
samsung,samsung (132),Samsung Galaxy A50s,190,8.0,not support,exynos,8,2.30,4000,1,15,4,128,6,60,3,android,48,32,1,2340,1080
samsung,samsung (132),Samsung Galaxy A52,298,8.3,not support,snapdragon,8,2.30,4500,1,25,6,128,7,90,4,android,64,32,1,2400,1080
samsung,samsung (132),Samsung Galaxy A52 (8GB RAM + 128GB),268,8.6,not support,snapdragon,8,2.30,4500,1,25,8,128,7,90,4,android,64,32,1,2400,1080
samsung,samsung (132),Samsung Galaxy A53 (8GB RAM + 256GB),435,8.9,support,exynos,8,2.40,5000,1,25,8,256,7,120,4,android,64,32,1,2400,1080
samsung,samsung (132),Samsung Galaxy A53 5G,381,8.7,support,exynos,8,2.40,5000,1,25,6,128,7,120,4,android,64,32,1,2400,1080
samsung,samsung (132),Samsung Galaxy A53 5G (8GB RAM + 128GB),399,8.9,support,exynos,8,2.40,5000,1,25,8,128,7,120,4,android,64,32,1,2400,1080
samsung,samsung (132),Samsung Galaxy A54 5G,417,7.6,support,exynos,8,2.40,5000,1,25,6,128,6,120,3,android,50,32,1,2400,1080
samsung,samsung (132),Samsung Galaxy A7 (2018),256,7.0,not support,exynos,8,2.20,3300,0,0,4,64,6,60,3,android,24,24,1,1080,2220
samsung,samsung (132),Samsung Galaxy A71,268,8.6,not support,snapdragon,8,2.20,4500,1,25,8,128,7,60,4,android,64,32,1,2400,1080
samsung,samsung (132),Samsung Galaxy A73 5G,500,7.5,support,snapdragon,8,2.40,5000,1,25,8,128,7,120,4,android,108,32,1,2400,1080
samsung,samsung (132),Samsung Galaxy A73 5G (8GB RAM + 256GB),500,7.5,support,snapdragon,8,2.40,5000,1,25,8,256,7,120,4,android,108,32,1,2400,1080
samsung,samsung (132),Samsung Galaxy A74 5G,512,7.5,support,snapdragon,8,2.36,5000,1,33,8,128,7,120,4,android,108,32,1,2412,1080
samsung,samsung (132),Samsung Galaxy A75 5G,536,8.3,support,snapdragon,8,2.80,5000,1,67,8,128,7,120,4,android,108,32,1,2412,1080
samsung,samsung (132),Samsung Galaxy A82 5G,476,8.6,support,snapdragon,8,2.96,4500,1,25,6,128,7,120,3,android,64,10,1,3200,1440
samsung,samsung (132),Samsung Galaxy A83 5G,476,8.6,support,snapdragon,8,3.20,4500,1,25,6,128,7,120,3,android,64,10,1,3200,1440
samsung,samsung (132),Samsung Galaxy A9 Pro (2019),476,7.8,not support,snapdragon,8,2.20,3400,1,25,6,128,6,60,3,android,24,24,1,2340,1080
samsung,samsung (132),Samsung Galaxy A92 5G,571,8.0,support,dimensity,8,3.00,5000,1,25,8,128,7,60,3,android,48,16,0,2400,1080
samsung,samsung (132),Samsung Galaxy F04,101,6.8,not support,helio,8,2.30,5000,1,15,4,64,7,60,2,android,13,5,1,1600,720
samsung,samsung (132),Samsung Galaxy F12,125,7.3,not support,exynos,8,2.00,6000,1,15,4,64,7,90,4,android,48,8,1,1600,720
samsung,samsung (132),Samsung Galaxy F13,131,7.4,not support,exynos,8,2.00,6000,1,15,4,64,7,60,3,android,50,8,1,1080,2408
samsung,samsung (132),Samsung Galaxy F13 (4GB RAM + 128GB),143,7.5,not support,exynos,8,2.00,6000,1,15,4,128,7,60,3,android,50,8,1,1080,2408
samsung,samsung (132),Samsung Galaxy F14,178,6.7,support,exynos,8,2.40,5000,1,25,4,64,7,60,3,android,50,16,1,1080,2408
samsung,samsung (132),Samsung Galaxy F22,137,7.3,not support,helio,8,2.00,6000,0,0,4,64,6,90,4,android,48,13,1,1600,720
samsung,samsung (132),Samsung Galaxy F22 (6GB RAM + 128GB),161,7.6,not support,helio,8,2.00,6000,0,0,6,128,6,90,4,android,48,13,1,1600,720
samsung,samsung (132),Samsung Galaxy F23 5G,190,7.8,support,snapdragon,8,2.20,5000,1,25,4,128,7,120,3,android,50,8,1,2408,1080
samsung,samsung (132),Samsung Galaxy F23 5G (6GB RAM + 128GB),202,8.0,support,snapdragon,8,2.20,5000,1,25,6,128,7,120,3,android,50,8,1,2408,1080
samsung,samsung (132),Samsung Galaxy F24 5G,179,7.8,support,snapdragon,8,2.20,5000,1,25,4,128,7,120,3,android,50,8,1,2408,1080
samsung,samsung (132),Samsung Galaxy F41 (6GB RAM + 128GB),238,8.2,not support,exynos,8,2.30,6000,1,15,6,128,6,60,3,android,64,32,1,2340,1080
samsung,samsung (132),Samsung Galaxy F42 5G,184,8.0,support,dimensity,8,2.20,5000,1,15,6,128,7,90,3,android,64,8,1,2408,1080
samsung,samsung (132),Samsung Galaxy F42 5G (8GB RAM + 128GB),274,8.2,support,dimensity,8,2.20,5000,1,15,8,128,7,90,3,android,64,8,1,2408,1080
samsung,samsung (132),Samsung Galaxy F63,262,8.4,not support,dimensity,8,2.00,7000,1,33,6,128,7,60,4,android,64,32,1,2400,1080
samsung,samsung (132),Samsung Galaxy M04,101,6.6,not support,helio,8,2.30,5000,1,15,4,64,7,60,2,android,13,5,1,1600,720
samsung,samsung (132),Samsung Galaxy M04 (4GB RAM + 128GB),113,6.8,not support,helio,8,2.30,5000,1,15,4,128,7,60,2,android,13,5,1,1600,720
samsung,samsung (132),Samsung Galaxy M12,131,7.2,not support,exynos,8,2.00,6000,1,15,4,64,7,90,4,android,48,8,1,1600,720
samsung,samsung (132),Samsung Galaxy M13,155,7.5,not support,exynos,8,2.00,6000,1,15,6,128,7,60,3,android,50,8,1,2400,1080
samsung,samsung (132),Samsung Galaxy M13 (4GB RAM + 64GB),127,7.1,not support,exynos,8,2.00,6000,1,15,4,64,7,60,3,android,50,8,1,2400,1080
samsung,samsung (132),Samsung Galaxy M13 5G,167,7.5,support,dimensity,8,2.20,5000,1,15,6,128,7,90,2,android,50,5,1,1600,720
samsung,samsung (132),Samsung Galaxy M13 5G (4GB RAM + 64GB),154,7.1,support,dimensity,8,2.20,5000,1,15,4,64,7,90,2,android,50,5,1,1600,720
samsung,samsung (132),Samsung Galaxy M14,179,6.0,support,exynos,8,2.40,6000,0,0,4,64,7,60,3,android,48,8,1,1600,720
samsung,samsung (132),Samsung Galaxy M21 2021,140,7.6,not support,exynos,8,2.30,6000,1,15,4,64,6,60,3,android,48,20,1,2340,1080
samsung,samsung (132),Samsung Galaxy M32,147,7.6,not support,helio,8,2.00,6000,1,15,4,64,6,90,4,android,64,20,1,2400,1080
samsung,samsung (132),Samsung Galaxy M32 (6GB RAM + 128GB),173,8.0,not support,helio,8,2.00,6000,1,15,6,128,6,90,4,android,64,20,1,2400,1080
samsung,samsung (132),Samsung Galaxy M32 Prime Edition,144,7.5,not support,helio,8,2.00,6000,1,15,4,64,6,90,4,android,64,20,1,2400,1080
samsung,samsung (132),Samsung Galaxy M32 Prime Edition (6GB RAM + 128GB),177,7.9,not support,helio,8,2.00,6000,1,15,6,128,6,90,4,android,64,20,1,2400,1080
samsung,samsung (132),Samsung Galaxy M33 5G,208,8.1,support,exynos,8,2.40,6000,1,25,6,128,7,120,4,android,50,8,1,2400,1080
samsung,samsung (132),Samsung Galaxy M33 5G (8GB RAM + 128GB),232,8.4,support,exynos,8,2.40,6000,1,25,8,128,7,120,4,android,50,8,1,2400,1080
samsung,samsung (132),Samsung Galaxy M34 5G,202,8.4,support,exynos,8,2.40,6000,1,25,6,128,7,120,4,android,64,32,1,2400,1080
samsung,samsung (132),Samsung Galaxy M35,274,7.4,support,exynos,8,2.40,6000,1,25,8,128,7,60,3,android,64,32,1,2400,1080
samsung,samsung (132),Samsung Galaxy M51s 5G,298,7.2,support,exynos,8,2.40,6000,1,25,6,128,7,60,3,android,64,32,1,2400,1080
samsung,samsung (132),Samsung Galaxy M52s 5G,298,7.4,support,exynos,8,2.40,5000,1,25,8,128,7,60,3,android,64,32,1,2400,1080
samsung,samsung (132),Samsung Galaxy M53 5G,283,8.5,support,dimensity,8,2.40,5000,1,25,6,128,7,120,4,android,108,32,1,2400,1080
samsung,samsung (132),Samsung Galaxy M53 5G (8GB RAM + 128GB),301,8.7,support,dimensity,8,2.40,5000,1,25,8,128,7,120,4,android,108,32,1,2400,1080
samsung,samsung (132),Samsung Galaxy M54 5G,417,8.5,support,snapdragon,8,2.84,6000,1,25,6,128,7,90,3,android,64,32,1,2412,1080
samsung,samsung (132),Samsung Galaxy M62,286,8.3,not support,exynos,8,2.73,7000,1,25,6,128,7,60,4,android,64,32,1,2400,1080
samsung,samsung (132),Samsung Galaxy Note 10 Lite,476,8.3,not support,exynos,8,2.70,4500,1,25,6,128,7,60,3,android,12,32,1,2400,1080
samsung,samsung (132),Samsung Galaxy Note 10 Plus,702,8.9,not support,exynos,8,2.73,4300,1,45,12,256,7,60,4,android,12,10,1,3040,1440
samsung,samsung (132),Samsung Galaxy Note 10 Plus 5G,1107,8.9,support,exynos,8,2.70,4300,1,25,12,256,7,60,4,android,12,10,1,3040,1440
samsung,samsung (132),Samsung Galaxy Note 20,1024,8.7,not support,exynos,8,2.73,4300,1,25,8,256,7,60,3,android,64,10,0,2400,1080
samsung,samsung (132),Samsung Galaxy Note 30 Ultra 5G,1250,7.5,support,snapdragon,8,3.20,4500,1,67,12,256,7,120,3,android,200,10,1,3214,1440
samsung,samsung (132),Samsung Galaxy S10 5G,940,8.6,support,exynos,8,2.70,4500,1,25,8,256,7,60,3,android,16,10,1,3040,1440
samsung,samsung (132),Samsung Galaxy S10 Plus,512,8.1,not support,exynos,8,2.70,4100,1,15,8,128,6,60,3,android,16,10,1,3040,1440
samsung,samsung (132),Samsung Galaxy S20,500,8.8,not support,exynos,8,2.73,4000,1,25,8,128,6,120,3,android,64,10,1,3200,1440
samsung,samsung (132),Samsung Galaxy S20 5G,893,8.9,support,exynos,8,2.73,4000,1,25,8,128,6,60,3,android,64,10,1,3200,1440
samsung,samsung (132),Samsung Galaxy S20 FE,422,8.6,not support,exynos,8,2.73,4500,1,25,8,128,7,120,3,android,12,32,1,2400,1080
samsung,samsung (132),Samsung Galaxy S20 FE 5G,372,8.8,support,snapdragon,8,2.84,4500,1,25,8,128,7,120,3,android,12,32,1,2400,1080
samsung,samsung (132),Samsung Galaxy S20 Plus,988,8.8,not support,exynos,8,2.73,4500,1,25,8,128,7,120,4,android,64,10,1,3200,1440
samsung,samsung (132),Samsung Galaxy S20 Plus 5G,1024,7.5,support,exynos,8,2.73,4500,1,25,8,128,7,60,4,android,64,10,1,3200,1440
samsung,samsung (132),Samsung Galaxy S20 Ultra 5G,1190,7.5,support,exynos,8,2.73,5000,1,45,12,128,7,60,4,android,108,40,1,3200,1440
samsung,samsung (132),Samsung Galaxy S21,582,8.8,support,exynos,8,2.90,4000,1,25,8,128,6,120,3,android,64,10,0,2400,1080
samsung,samsung (132),Samsung Galaxy S21 FE 5G,476,8.7,support,exynos,8,2.90,4500,1,25,8,128,6,120,3,android,12,32,0,2340,1080
samsung,samsung (132),Samsung Galaxy S21 FE 5G (8GB RAM + 256GB),524,8.8,support,exynos,8,2.90,4500,1,25,8,256,6,120,3,android,12,32,0,2340,1080
samsung,samsung (132),Samsung Galaxy S21 Plus,708,8.8,support,exynos,8,2.90,4800,1,25,8,128,7,120,3,android,64,10,0,2400,1080
samsung,samsung (132),Samsung Galaxy S21 Ultra,1262,7.5,support,exynos,8,2.90,5000,1,25,12,256,7,120,4,android,108,40,0,3200,1440
samsung,samsung (132),Samsung Galaxy S21 Ultra 5G (12GB RAM + 128GB),1214,7.5,support,exynos,8,2.90,5000,1,25,12,128,7,120,4,android,108,40,0,3200,1440
samsung,samsung (132),Samsung Galaxy S22 5G,595,8.6,support,snapdragon,8,3.00,3700,1,25,8,128,6,120,3,android,50,10,0,2340,1080
samsung,samsung (132),Samsung Galaxy S22 5G (8GB RAM + 256GB),690,8.7,support,snapdragon,8,3.00,3700,1,25,8,256,6,120,3,android,50,10,0,2340,1080
samsung,samsung (132),Samsung Galaxy S22 FE 5G,619,7.9,support,exynos,8,2.40,4200,1,33,8,128,6,120,3,android,12,32,0,2400,1080
samsung,samsung (132),Samsung Galaxy S22 Plus 5G,767,8.7,support,snapdragon,8,3.00,4500,1,45,8,128,7,120,3,android,50,10,0,2340,1080
samsung,samsung (132),Samsung Galaxy S22 Plus 5G (8GB RAM + 256GB),1060,8.8,support,snapdragon,8,3.00,4500,1,45,8,256,7,120,3,android,50,10,0,2340,1080
samsung,samsung (132),Samsung Galaxy S22 Ultra 5G,1095,7.5,support,snapdragon,8,3.00,5000,1,45,12,256,7,120,4,android,108,40,0,3080,1440
samsung,samsung (132),Samsung Galaxy S22 Ultra 5G (12GB RAM + 512GB),1417,7.5,support,snapdragon,8,3.00,5000,1,45,12,512,7,120,4,android,108,40,0,3080,1440
samsung,samsung (132),Samsung Galaxy S22 Ultra 5G (8GB RAM + 128GB),1190,7.5,support,snapdragon,8,3.00,5000,1,45,8,128,7,120,4,android,108,40,0,3080,1440
samsung,samsung (132),Samsung Galaxy S23,845,8.8,support,snapdragon,8,3.20,3900,1,25,8,128,6,120,3,android,50,12,0,2340,1080
samsung,samsung (132),Samsung Galaxy S23 FE 5G,655,7.7,support,exynos,8,2.40,4500,1,25,8,128,7,60,4,android,64,32,0,2400,1080
samsung,samsung (132),Samsung Galaxy S23 Plus,1012,8.9,support,snapdragon,8,3.20,4700,1,45,8,256,7,120,3,android,50,12,0,2340,1080
samsung,samsung (132),Samsung Galaxy S23 Ultra 5G,1369,7.5,support,snapdragon,8,3.20,5000,1,45,8,256,7,120,4,android,200,12,0,3088,1440
samsung,samsung (132),Samsung Galaxy S24 Ultra,1428,8.5,support,snapdragon,8,2.80,5100,1,45,12,256,7,144,4,android,200,60,0,2860,1200
samsung,samsung (132),Samsung Galaxy S9 Plus (128GB),417,7.8,not support,exynos,8,2.80,3500,1,25,6,128,6,60,2,android,12,8,1,2960,1440
samsung,samsung (132),Samsung Galaxy Z Flip 3,833,8.4,support,snapdragon,8,2.84,3300,1,15,8,128,7,120,2,android,12,10,0,2640,1080
samsung,samsung (132),Samsung Galaxy Z Flip 4 5G,1071,8.8,support,snapdragon,8,3.20,3700,1,25,8,128,7,120,2,android,12,10,0,2640,1080
samsung,samsung (132),Samsung Galaxy Z Fold 3,1321,8.9,support,snapdragon,8,2.84,4400,1,25,12,256,8,120,3,android,12,10,0,2208,1768
samsung,samsung (132),Samsung Galaxy Z Fold 4,1845,7.5,support,snapdragon,8,3.20,4400,1,25,12,256,8,120,3,android,50,10,0,2176,1812
samsung,samsung (132),Samsung Galaxy Z Fold 4 (12GB RAM + 1TB),1952,7.5,support,snapdragon,8,3.20,4400,1,25,12,1024,8,120,3,android,50,10,0,2176,1812
sony,sony (9),Sony Xperia 1 II,833,8.9,support,snapdragon,8,2.84,4000,1,21,8,256,7,60,4,android,12,8,1,3840,1644
sony,sony (9),Sony Xperia 1 IV (12GB RAM + 512GB),1107,7.5,support,snapdragon,8,3.00,5000,1,30,12,512,7,120,4,android,12,12,1,3840,1644
sony,sony (9),Sony Xperia 10 II,333,7.5,not support,snapdragon,8,2.00,3600,1,18,4,128,6,90,3,android,12,8,1,2520,1080
sony,sony (9),Sony Xperia 10 III Lite 5G,369,7.8,support,snapdragon,8,2.00,4500,1,30,6,64,6,60,3,android,12,8,1,2520,1080
sony,sony (9),Sony Xperia 5 II,833,8.6,support,snapdragon,8,2.84,4000,1,21,8,128,6,120,3,android,12,8,1,2520,1080
sony,sony (9),Sony Xperia 5 IV 5G,979,8.9,support,snapdragon,8,3.00,5000,1,30,8,256,6,120,3,android,12,12,1,2520,1080
sony,sony (9),Sony Xperia Ace IV,238,8.0,support,snapdragon,8,2.00,5000,1,33,8,128,7,120,2,android,50,16,1,2400,1080
sony,sony (9),Sony Xperia L5 5G,190,7.3,support,helio,8,2.30,4000,1,18,4,64,6,60,3,android,13,8,1,1680,720
sony,sony (9),Sony Xperia Pro-I,1607,7.5,support,snapdragon,8,2.84,4500,1,30,12,512,7,120,3,android,12,8,1,3840,1644
tecno,tecno (33),Tecno Camon 18,137,7.5,not support,helio,8,2.00,5000,1,18,4,128,7,90,3,android,48,16,0,2460,1080
tecno,tecno (33),Tecno Camon 19,176,7.9,not support,helio,8,2.00,5000,1,18,6,128,7,60,3,android,64,16,1,2460,1080
tecno,tecno (33),Tecno Camon 19 Neo,179,7.7,not support,helio,8,2.00,5000,1,18,6,128,7,90,3,android,48,32,0,2400,1080
tecno,tecno (33),Tecno Camon 19 Pro,214,8.1,not support,helio,8,2.05,5000,1,33,8,128,7,120,3,android,64,32,0,2460,1080
tecno,tecno (33),Tecno Camon 19 Pro 5G,262,8.2,support,dimensity,8,2.40,5000,1,33,8,128,7,120,3,android,64,16,0,2460,1080
tecno,tecno (33),Tecno Camon 19 Pro Mondrian Edition,214,8.4,not support,helio,8,2.05,5000,1,33,8,128,7,120,3,android,64,32,1,2460,1080
tecno,tecno (33),Tecno Camon 20 Premier,250,7.9,support,dimensity,8,2.20,5000,1,33,6,128,7,120,3,android,50,16,0,2460,1080
tecno,tecno (33),Tecno Phantom X,310,8.4,not support,helio,8,2.05,4700,1,33,8,256,7,90,3,android,50,48,0,2340,1080
tecno,tecno (33),Tecno Phantom X Pro,274,8.4,not support,helio,8,2.05,5000,1,44,8,256,7,120,4,android,50,48,0,2400,1080
tecno,tecno (33),Tecno Phantom X2,476,8.5,support,dimensity,8,3.05,5160,1,45,8,256,7,120,3,android,64,32,0,2400,1080
tecno,tecno (33),Tecno Phantom X2 Pro,595,8.9,support,dimensity,8,3.05,5160,1,45,12,256,7,120,3,android,50,32,0,2400,1080
tecno,tecno (33),Tecno Pop 5 Go,83,7.5,not support,spreadtrum,4,1.30,4000,0,0,1,16,6,60,2,android,5,5,1,1520,720
tecno,tecno (33),Tecno Pop 6 Pro,75,7.5,not support,helio,4,2.00,5000,0,0,2,32,7,60,2,android,8,5,1,1600,720
tecno,tecno (33),Tecno Pova 2,131,7.4,not support,helio,8,2.00,7000,1,18,4,64,7,60,4,android,48,8,1,2460,1080
tecno,tecno (33),Tecno Pova 3,119,7.4,not support,helio,8,2.00,7000,1,33,4,64,7,90,3,android,50,8,1,2460,1080
tecno,tecno (33),Tecno Pova 3 (6GB RAM + 128GB),164,7.7,not support,helio,8,2.00,7000,1,33,6,128,7,90,3,android,50,8,1,2460,1080
tecno,tecno (33),Tecno Pova 4,143,7.3,not support,helio,8,2.20,6000,1,18,8,128,7,90,2,android,50,8,1,1600,720
tecno,tecno (33),Tecno Pova 4 Pro,190,7.4,not support,helio,8,2.20,6000,1,45,8,256,7,90,2,android,50,8,1,1600,720
tecno,tecno (33),Tecno Pova 5G,185,7.8,support,dimensity,8,2.40,6000,1,18,8,128,7,120,3,android,50,16,1,2460,1080
tecno,tecno (33),Tecno Pova Neo 2,167,6.7,not support,helio,8,2.00,7000,0,0,6,128,7,90,2,android,16,8,1,1600,720
tecno,tecno (33),Tecno Pova Neo 5G,185,7.1,support,dimensity,8,2.40,6000,1,18,4,128,7,120,2,android,50,8,1,2400,1080
tecno,tecno (33),Tecno Spark 8 (4GB RAM + 64GB),107,6.4,not support,helio,8,1.80,5000,0,0,4,64,7,60,2,android,16,8,1,1600,720
tecno,tecno (33),Tecno Spark 8 Pro,105,7.2,not support,helio,8,2.00,5000,1,33,4,64,7,60,3,android,48,8,1,2460,1080
tecno,tecno (33),Tecno Spark 8C,88,6.2,not support,unisoc,8,2.00,5000,0,0,3,64,7,90,2,android,13,8,1,1612,720
tecno,tecno (33),Tecno Spark 8C (4GB RAM + 64GB),106,6.3,not support,unisoc,8,2.00,5000,0,0,4,64,7,90,2,android,13,8,1,1612,720
tecno,tecno (33),Tecno Spark 8T,95,7.0,not support,helio,8,2.30,5000,0,0,4,64,7,60,2,android,50,8,1,1600,720
tecno,tecno (33),Tecno Spark 9,107,6.9,not support,helio,8,2.30,5000,0,0,6,128,7,90,2,android,13,8,1,1600,720
tecno,tecno (33),Tecno Spark 9 (3GB RAM + 64GB),100,6.3,not support,helio,8,2.30,5000,0,0,3,64,7,90,2,android,13,8,1,1600,720
tecno,tecno (33),Tecno Spark 9 (4GB RAM + 64GB),95,6.5,not support,helio,8,2.30,5000,0,0,4,64,7,90,2,android,13,8,1,1600,720
tecno,tecno (33),Tecno Spark 9 Pro,119,7.4,not support,helio,8,2.00,5000,1,18,4,64,7,90,3,android,48,32,1,2460,1080
tecno,tecno (33),Tecno Spark 9T,107,7.2,not support,helio,8,2.30,5000,1,18,4,64,7,60,3,android,50,8,1,2408,1080
tecno,tecno (33),Tecno Spark Go 2022,74,6.1,not support,helio,8,2.20,5000,0,0,2,32,7,60,2,android,13,8,1,1600,720
tecno,tecno (33),Tecno Spark Go 2023,83,6.2,not support,helio,4,2.00,5000,1,10,3,32,7,60,2,android,13,5,1,1600,720
vivo,vivo (111),Vivo S1 Pro,357,8.2,not support,snapdragon,8,2.00,4500,1,18,8,128,6,60,4,android,48,32,1,2340,1080
vivo,vivo (111),Vivo S16,357,8.5,support,snapdragon,8,3.20,4600,1,66,8,128,7,120,3,android,64,50,0,2400,1080
vivo,vivo (111),Vivo S16 Pro,423,8.6,support,dimensity,8,3.10,4600,1,66,8,256,7,120,3,android,50,50,0,2400,1080
vivo,vivo (111),Vivo S17 Pro,595,7.7,support,dimensity,8,2.85,5000,1,120,12,256,7,120,3,android,50,32,0,2400,1080
vivo,vivo (111),Vivo T1 44W,173,7.7,not support,snapdragon,8,2.40,5000,1,44,4,128,6,60,3,android,50,16,1,2408,1080
vivo,vivo (111),Vivo T1 44W (6GB RAM + 128GB),190,7.9,not support,snapdragon,8,2.40,5000,1,44,6,128,6,60,3,android,50,16,1,2408,1080
vivo,vivo (111),Vivo T1 44W (8GB RAM + 128GB),214,8.2,not support,snapdragon,8,2.40,5000,1,44,8,128,6,60,3,android,50,16,1,2408,1080
vivo,vivo (111),Vivo T1 5G,190,7.8,support,snapdragon,8,2.20,5000,1,18,4,128,7,120,3,android,50,16,1,2408,1080
vivo,vivo (111),Vivo T1 5G (6GB RAM + 128GB),202,8.0,support,snapdragon,8,2.20,5000,1,18,6,128,7,120,3,android,50,16,1,2408,1080
vivo,vivo (111),Vivo T1 5G (8GB RAM + 128GB),238,8.3,support,snapdragon,8,2.20,5000,1,18,8,128,7,120,3,android,50,16,1,2408,1080
vivo,vivo (111),Vivo T1 Pro,286,8.1,support,snapdragon,8,2.40,4700,1,66,6,128,6,90,3,android,64,16,1,2404,1080
vivo,vivo (111),Vivo T1 Pro 5G (8GB RAM + 128GB),298,8.4,support,snapdragon,8,2.40,4700,1,66,8,128,6,90,3,android,64,16,1,2404,1080
vivo,vivo (111),Vivo T1x (4GB RAM + 128GB),155,7.5,not support,snapdragon,8,2.40,5000,1,18,4,128,7,90,2,android,50,8,1,2408,1080
vivo,vivo (111),Vivo T1x (6GB RAM + 128GB),179,7.7,not support,snapdragon,8,2.40,5000,1,18,6,128,7,90,2,android,50,8,1,2408,1080
vivo,vivo (111),Vivo T1x 4G,143,7.4,not support,snapdragon,8,2.40,5000,1,18,4,64,7,90,2,android,50,8,1,2408,1080
vivo,vivo (111),Vivo T2 5G,298,8.5,support,snapdragon,8,3.20,4700,1,80,8,128,7,120,3,android,64,16,1,2400,1080
vivo,vivo (111),Vivo T2 Pro 5G,357,7.6,support,snapdragon,8,2.80,4500,1,67,8,128,6,90,3,android,50,16,1,2408,1080
vivo,vivo (111),Vivo T2x 5G,226,8.0,support,dimensity,8,3.00,6000,1,44,8,128,7,120,2,android,50,16,0,2408,1080
vivo,vivo (111),Vivo T3 Pro,381,8.6,support,snapdragon,8,2.70,4700,1,80,8,256,7,120,3,android,64,32,1,2408,1080
vivo,vivo (111),Vivo U3,119,7.2,not support,snapdragon,8,2.00,5000,1,18,4,64,7,60,3,android,16,16,1,2340,1080
vivo,vivo (111),Vivo U3 (6GB RAM + 64GB),143,7.4,not support,snapdragon,8,2.00,5000,1,18,6,64,7,60,3,android,16,16,1,2340,1080
vivo,vivo (111),Vivo U3x,107,7.1,not support,snapdragon,8,2.00,5000,1,18,6,64,7,90,2,android,13,8,0,2408,1080
vivo,vivo (111),Vivo V11i,250,7.0,not support,helio,8,2.00,3315,0,0,4,128,6,60,2,android,16,25,1,2280,1080
vivo,vivo (111),Vivo V15 Pro (8GB RAM +128GB),298,7.8,not support,snapdragon,8,2.00,3700,1,18,8,128,6,60,3,android,48,32,1,2316,1080
vivo,vivo (111),Vivo V19 (8GB RAM + 256GB),333,8.4,not support,snapdragon,8,2.30,4500,1,33,8,256,6,60,4,android,48,32,1,2400,1080
vivo,vivo (111),Vivo V20,277,8.5,not support,snapdragon,8,2.30,4000,1,33,8,128,6,60,3,android,64,44,1,2400,1080
vivo,vivo (111),Vivo V20 Pro,321,8.4,support,snapdragon,8,2.40,4000,1,33,8,128,6,60,3,android,64,44,0,2400,1080
vivo,vivo (111),Vivo V20 SE,226,8.2,not support,snapdragon,8,2.00,4100,1,33,8,128,6,60,3,android,48,32,1,2400,1080
vivo,vivo (111),Vivo V21,298,8.3,not support,dimensity,8,2.40,4000,1,33,8,128,6,90,3,android,64,44,1,2400,1080
vivo,vivo (111),Vivo V21 5G,286,8.5,support,dimensity,8,2.40,4000,1,33,8,128,6,90,3,android,64,44,1,2400,1080
vivo,vivo (111),Vivo V21 Pro,393,8.5,not support,snapdragon,8,2.40,4300,1,33,8,128,6,60,4,android,64,44,0,2400,1080
vivo,vivo (111),Vivo V21s,357,8.6,support,dimensity,8,2.40,4000,1,33,8,128,6,90,3,android,64,44,1,2400,1080
vivo,vivo (111),Vivo V23 5G,298,8.3,support,dimensity,8,2.50,4200,1,44,8,128,6,90,3,android,64,50,0,2400,1080
vivo,vivo (111),Vivo V23 5G (12GB RAM + 256GB),333,8.6,support,dimensity,8,2.50,4200,1,44,12,256,6,90,3,android,64,50,1,2400,1080
vivo,vivo (111),Vivo V23 Pro 5G,381,8.5,support,dimensity,8,3.00,4300,1,44,8,128,7,90,3,android,108,50,0,2376,1080
vivo,vivo (111),Vivo V23 Pro 5G (12GB RAM + 256GB),440,8.7,support,dimensity,8,3.00,4300,1,44,12,256,7,90,3,android,108,50,0,2376,1080
vivo,vivo (111),Vivo V23e,321,8.2,not support,helio,8,2.05,4050,1,44,8,128,6,60,3,android,64,50,0,2400,1080
vivo,vivo (111),Vivo V23e 5G,262,8.4,support,dimensity,8,2.40,4050,1,44,8,128,6,60,3,android,50,44,1,2400,1080
vivo,vivo (111),Vivo V25 (12GB RAM + 256GB),381,8.5,support,dimensity,8,2.00,4500,1,44,12,256,6,90,3,android,64,50,1,2408,1080
vivo,vivo (111),Vivo V25 5G,333,8.3,support,dimensity,8,2.00,4500,1,44,8,128,6,90,3,android,64,50,1,2408,1080
vivo,vivo (111),Vivo V25 Pro (12GB RAM + 256GB),476,8.6,support,dimensity,8,3.00,4830,1,66,12,256,7,120,3,android,64,32,0,2376,1080
vivo,vivo (111),Vivo V25 Pro 5G,429,8.5,support,dimensity,8,3.00,4830,1,66,8,128,7,120,3,android,64,32,0,2376,1080
vivo,vivo (111),Vivo V25e,238,8.4,not support,helio,8,2.20,4500,1,44,8,256,6,90,3,android,64,32,1,2400,1080
vivo,vivo (111),Vivo V26 Pro,512,8.7,support,dimensity,8,3.20,4800,1,100,12,256,7,120,3,android,64,32,0,2400,1080
vivo,vivo (111),Vivo V27,333,8.3,support,dimensity,8,2.20,4700,1,67,8,256,7,120,3,android,64,50,1,2400,1080
vivo,vivo (111),Vivo V27 Pro,524,8.7,support,dimensity,8,3.20,5000,1,120,12,256,7,144,3,android,108,32,0,2400,1080
vivo,vivo (111),Vivo V28,345,8.4,support,snapdragon,8,2.20,5000,1,80,8,256,7,120,3,android,108,32,1,2400,1080
vivo,vivo (111),Vivo V29,393,8.4,support,snapdragon,8,2.40,5000,1,80,8,256,7,120,3,android,64,32,1,2400,1080
vivo,vivo (111),Vivo X Fold 2,1428,7.5,support,snapdragon,8,3.20,4800,1,66,12,256,8,120,3,android,50,32,0,2160,1916
vivo,vivo (111),Vivo X Fold 5G,1274,7.5,support,snapdragon,8,3.00,4600,1,66,12,256,8,120,4,android,50,16,0,2160,1916
vivo,vivo (111),Vivo X Fold 5G (12GB RAM + 512GB),1417,7.5,support,snapdragon,8,3.00,4600,1,66,12,512,8,120,4,android,50,16,0,2160,1916
vivo,vivo (111),Vivo X Fold Plus,1357,7.5,support,snapdragon,8,3.20,4730,1,80,12,256,8,120,4,android,50,16,0,2160,1916
vivo,vivo (111),Vivo X Note 5G (12GB RAM + 512GB),988,7.5,support,snapdragon,8,3.00,5000,1,80,12,512,7,120,4,android,50,16,0,3080,1440
vivo,vivo (111),Vivo X80 5G,655,8.6,support,dimensity,8,3.05,4500,1,80,8,128,7,120,3,android,50,32,0,2400,1080
vivo,vivo (111),Vivo X80 5G (12GB RAM + 256GB),714,8.8,support,dimensity,8,3.05,4500,1,80,12,256,7,120,3,android,50,32,0,2400,1080
vivo,vivo (111),Vivo X80 Pro 5G,952,7.5,support,snapdragon,8,3.00,4700,1,80,12,256,7,120,4,android,50,32,0,3200,1440
vivo,vivo (111),Vivo X80 Pro Plus 5G,988,7.5,support,snapdragon,8,3.20,4500,1,120,12,256,7,120,4,android,50,32,0,3200,1440
vivo,vivo (111),Vivo X90 5G,500,8.8,support,dimensity,8,3.05,4810,1,120,8,128,7,120,3,android,50,32,0,2800,1260
vivo,vivo (111),Vivo X90 Pro 5G,679,7.5,support,dimensity,8,3.05,4870,1,120,8,256,7,120,3,android,50,32,0,2800,1260
vivo,vivo (111),Vivo X90 Pro Plus 5G,881,7.5,support,snapdragon,8,3.20,4700,1,80,12,256,7,120,4,android,50,32,0,3200,1440
vivo,vivo (111),Vivo Y01,95,6.1,not support,helio,8,2.30,5000,0,0,2,32,7,60,1,android,8,5,1,1600,720
vivo,vivo (111),Vivo Y01A,93,6.0,not support,helio,8,2.30,5000,1,10,2,32,7,60,1,android,8,5,1,1600,720
vivo,vivo (111),Vivo Y02,107,7.5,not support,helio,8,2.00,5000,1,10,3,32,7,60,1,android,8,5,1,1600,720
vivo,vivo (111),Vivo Y02 (2GB RAM + 32GB),95,7.5,not support,helio,8,2.00,5000,1,10,2,32,7,60,1,android,8,5,1,1600,720
vivo,vivo (111),Vivo Y02s,107,6.1,not support,helio,8,2.30,5000,1,10,3,32,7,60,1,android,8,5,1,1600,720
vivo,vivo (111),Vivo Y10,149,6.3,not support,helio,8,2.30,5000,0,0,4,128,7,60,2,android,13,8,0,1600,720
vivo,vivo (111),Vivo Y100,357,8.2,support,dimensity,8,2.40,5000,1,66,8,128,6,120,3,android,50,50,0,2400,1080
vivo,vivo (111),Vivo Y11 (2019),113,6.4,not support,snapdragon,8,2.00,5000,0,0,3,32,6,60,2,android,13,8,1,1544,720
vivo,vivo (111),Vivo Y12 (3GB RAM + 64GB),131,6.8,not support,helio,8,2.00,5000,0,0,3,64,6,60,3,android,13,8,1,1544,720
vivo,vivo (111),Vivo Y12a,119,6.5,not support,snapdragon,8,2.00,5000,0,0,3,32,7,60,2,android,13,8,1,1600,720
vivo,vivo (111),Vivo Y12G (3GB RAM + 64GB),143,6.8,not support,snapdragon,8,2.00,5000,0,0,3,64,7,60,3,android,13,8,1,1600,720
vivo,vivo (111),Vivo Y15,149,7.1,not support,helio,8,2.00,5000,0,0,4,64,6,60,3,android,13,16,1,1544,720
vivo,vivo (111),Vivo Y15C,101,6.6,not support,helio,8,2.30,5000,0,0,3,32,7,60,2,android,13,8,1,1600,720
vivo,vivo (111),Vivo Y15C (3GB RAM + 64GB),125,6.7,not support,helio,8,2.30,5000,0,0,3,64,7,60,2,android,13,8,1,1600,720
vivo,vivo (111),Vivo Y15s,101,6.6,not support,helio,8,2.30,5000,0,0,3,32,7,60,2,android,13,8,1,1600,720
vivo,vivo (111),Vivo Y16,119,6.5,not support,helio,8,2.30,5000,1,10,3,32,7,60,2,android,13,5,1,1600,720
vivo,vivo (111),Vivo Y16 (3GB RAM + 64GB),125,6.6,not support,helio,8,2.30,5000,1,10,3,64,7,60,2,android,13,5,1,1600,720
vivo,vivo (111),Vivo Y16 (4GB RAM + 64GB),149,6.8,not support,helio,8,2.30,5000,1,10,4,64,7,60,2,android,13,5,1,1600,720
vivo,vivo (111),Vivo Y19,238,7.3,not support,helio,8,2.00,5000,1,18,4,128,7,60,3,android,16,16,1,2340,1080
vivo,vivo (111),Vivo Y20G,167,6.9,not support,helio,8,2.00,5000,1,18,4,64,7,60,3,android,13,8,1,1600,720
vivo,vivo (111),Vivo Y21 (2020),119,6.5,not support,snapdragon,8,1.80,5000,0,0,4,64,7,60,2,android,13,13,1,1544,720
vivo,vivo (111),Vivo Y21 2021,161,6.9,not support,helio,8,2.30,5000,1,18,4,64,7,60,2,android,13,8,1,1600,720
vivo,vivo (111),Vivo Y21e,149,6.9,not support,snapdragon,8,2.40,5000,1,18,3,64,7,60,2,android,13,8,1,1600,720
vivo,vivo (111),Vivo Y21s,178,7.4,not support,helio,8,2.00,5000,1,18,4,128,7,60,3,android,50,8,1,1600,720
vivo,vivo (111),Vivo Y21T,185,7.4,not support,snapdragon,8,2.40,5000,1,18,4,128,7,90,3,android,50,8,1,720,1600
vivo,vivo (111),Vivo Y22,173,7.2,not support,helio,8,2.00,5000,1,18,4,64,7,60,2,android,50,8,1,1612,720
vivo,vivo (111),Vivo Y22 (6GB RAM + 128GB),196,7.5,not support,helio,8,2.00,5000,1,18,6,128,7,60,2,android,50,8,1,1612,720
vivo,vivo (111),Vivo Y22s,178,7.7,not support,snapdragon,8,2.40,5000,1,18,8,128,7,90,2,android,50,8,1,720,1612
vivo,vivo (111),Vivo Y25,89,7.5,not support,helio,4,1.30,1900,0,0,1,16,5,60,1,android,5,2,1,854,480
vivo,vivo (111),Vivo Y3 (4GB RAM + 128GB),155,7.1,not support,helio,8,2.30,5000,1,18,4,128,6,60,3,android,13,16,1,1544,720
vivo,vivo (111),Vivo Y33s,199,8.0,not support,helio,8,2.00,5000,1,18,8,128,7,60,3,android,50,16,1,2408,1080
vivo,vivo (111),Vivo Y33T,190,8.1,not support,snapdragon,8,2.40,5000,1,18,8,128,7,90,3,android,50,16,1,2408,1080
vivo,vivo (111),Vivo Y35,220,8.0,not support,snapdragon,8,2.40,5000,1,44,8,128,7,90,3,android,50,16,1,2408,1080
vivo,vivo (111),Vivo Y35 5G,167,7.0,support,dimensity,8,2.20,5000,1,15,4,128,7,60,2,android,13,5,1,1600,720
vivo,vivo (111),Vivo Y53s,184,7.9,not support,helio,8,2.00,5000,1,19,8,128,7,60,3,android,64,16,1,2408,1080
vivo,vivo (111),Vivo Y53t,143,6.7,support,dimensity,8,2.00,6000,1,15,4,128,7,60,2,android,13,5,0,1600,720
vivo,vivo (111),Vivo Y55 4G,274,8.3,not support,snapdragon,8,2.40,5000,1,44,8,128,6,120,3,android,50,16,1,2400,1080
vivo,vivo (111),Vivo Y55 5G,250,7.7,support,dimensity,8,2.20,5000,1,18,4,128,7,60,3,android,50,8,1,2408,1080
vivo,vivo (111),Vivo Y55S,161,7.5,support,snapdragon,4,1.20,2730,0,0,3,16,5,60,1,android,13,5,1,1280,720
vivo,vivo (111),Vivo Y55s 2023,262,7.8,support,dimensity,8,2.20,5000,1,18,4,128,7,60,3,android,50,8,1,2408,1080
vivo,vivo (111),Vivo Y55s 5G,238,7.9,support,dimensity,8,2.20,6000,1,18,8,128,7,60,2,android,50,8,0,2408,1080
vivo,vivo (111),Vivo Y71,298,7.5,not support,snapdragon,4,1.40,3360,0,0,3,16,6,60,1,android,13,5,1,1440,720
vivo,vivo (111),Vivo Y73 2021,238,8.0,not support,helio,8,2.05,4000,1,33,8,128,6,60,3,android,64,16,1,2400,1080
vivo,vivo (111),Vivo Y73T,202,7.7,support,dimensity,8,2.00,6000,1,44,8,128,7,60,2,android,50,8,0,2408,1080
vivo,vivo (111),Vivo Y75 4G,238,8.2,not support,helio,8,2.05,4050,1,44,8,128,6,60,3,android,50,44,1,2400,1080
vivo,vivo (111),Vivo Y75 5G,262,8.2,support,dimensity,8,2.20,5000,1,18,8,128,7,60,3,android,50,16,1,2408,1080
vivo,vivo (111),Vivo Y77 5G,214,7.6,support,dimensity,8,2.20,4500,1,80,6,128,7,120,2,android,50,8,1,2388,1080
vivo,vivo (111),Vivo Y78 5G,298,7.7,support,dimensity,8,3.00,4500,1,18,8,128,7,90,3,android,50,16,0,2400,1080
vivo,vivo (111),Vivo Y91c,98,7.5,not support,helio,8,2.00,4030,0,0,2,32,6,60,1,android,13,5,1,1520,720
vivo,vivo (111),Vivo Y93,214,6.2,not support,helio,8,2.00,4030,0,0,4,32,6,60,2,android,13,8,1,720,1520
vivo,vivo (111),Vivo Y95,179,6.5,not support,snapdragon,8,1.95,4030,0,0,4,64,6,60,2,android,13,20,1,720,1520
xiaomi,xiaomi (134),Xiaomi 11i 5G (8GB RAM + 128GB),298,8.3,support,dimensity,8,2.50,5160,1,67,8,128,7,120,3,android,108,16,1,1080,2400
xiaomi,xiaomi (134),Xiaomi 11i HyperCharge 5G,295,8.3,support,dimensity,8,2.50,4500,1,120,6,128,7,120,3,android,108,16,1,1080,2400
xiaomi,xiaomi (134),Xiaomi 11i HyperCharge 5G (8GB RAM + 128GB),321,8.6,support,dimensity,8,2.50,4500,1,120,8,128,7,120,3,android,108,16,1,1080,2400
xiaomi,xiaomi (134),Xiaomi 11T Pro 5G (12GB RAM + 256GB),464,8.8,support,snapdragon,8,2.84,5000,1,120,12,256,7,120,3,android,108,16,0,2400,1080
xiaomi,xiaomi (134),Xiaomi 12 Lite 5G,357,8.2,support,snapdragon,8,2.40,4300,1,67,6,128,7,120,3,android,108,32,0,2400,1080
xiaomi,xiaomi (134),Xiaomi 12 Pro 5G,607,8.9,support,snapdragon,8,3.00,4600,1,120,8,256,7,120,3,android,50,32,0,3200,1440
xiaomi,xiaomi (134),Xiaomi 12 Pro 5G (12GB RAM + 256GB),618,7.5,support,snapdragon,8,3.00,4600,1,120,12,256,7,120,3,android,50,32,0,3200,1440
xiaomi,xiaomi (134),Xiaomi 12 Ultra 5G,905,7.5,support,snapdragon,8,3.20,4800,1,67,12,256,7,120,3,android,50,20,0,3200,1440
xiaomi,xiaomi (134),Xiaomi 12S Ultra,833,7.5,support,snapdragon,8,3.20,4860,1,67,8,256,7,120,3,android,50,32,0,3200,1440
xiaomi,xiaomi (134),Xiaomi 12T,583,8.7,support,dimensity,8,2.85,5000,1,120,8,128,7,120,3,android,108,20,0,2712,1220
xiaomi,xiaomi (134),Xiaomi 12T Pro 5G,714,8.9,support,snapdragon,8,3.20,5000,1,120,8,128,7,120,3,android,200,20,0,2712,1220
xiaomi,xiaomi (134),Xiaomi 13 5G,559,8.9,support,snapdragon,8,3.20,4500,1,67,8,128,6,120,3,android,50,32,0,2400,1080
xiaomi,xiaomi (134),Xiaomi 13 Pro 5G,702,7.5,support,snapdragon,8,3.20,4820,1,120,8,128,7,120,3,android,50,32,0,3200,1440
xiaomi,xiaomi (134),Xiaomi 13 Ultra 5G,857,7.5,support,snapdragon,8,3.20,5000,1,120,12,256,7,120,4,android,108,32,0,3200,1440
xiaomi,xiaomi (134),Xiaomi 14,655,8.9,support,snapdragon,8,3.20,5000,1,67,12,256,6,120,3,android,50,32,0,3200,1440
xiaomi,xiaomi (134),Xiaomi Civi 2,357,8.5,support,snapdragon,8,2.40,4500,1,67,8,128,7,120,3,android,50,32,0,2400,1080
xiaomi,xiaomi (134),Xiaomi Civi 3,393,8.6,support,dimensity,8,3.10,5000,1,80,8,256,7,120,3,android,64,32,0,2400,1080
xiaomi,xiaomi (134),Xiaomi Mi 10 5G (8GB RAM + 256GB),655,8.8,support,snapdragon,8,2.84,4780,1,30,8,256,7,90,4,android,108,20,0,2340,1080
xiaomi,xiaomi (134),Xiaomi Mi 10T 5G,280,8.0,support,snapdragon,8,2.84,5000,1,33,6,128,7,144,3,android,64,20,0,1080,2400
xiaomi,xiaomi (134),Xiaomi Mi 10T Pro 5G,357,8.6,support,snapdragon,8,2.84,5000,1,33,8,128,7,144,3,android,108,20,0,2400,1080
xiaomi,xiaomi (134),Xiaomi Mi 11 Lite (8GB RAM + 128GB),223,8.2,not support,snapdragon,8,2.30,4250,1,33,8,128,7,90,3,android,64,16,1,2400,1080
xiaomi,xiaomi (134),Xiaomi Mi 11 Lite NE 5G,261,8.3,support,snapdragon,8,2.40,4250,1,33,6,128,7,90,3,android,64,20,1,2400,1080
xiaomi,xiaomi (134),Xiaomi Mi 11 Lite NE 5G (8GB RAM + 128GB),274,8.6,support,snapdragon,8,2.40,4250,1,33,8,128,7,90,3,android,64,20,1,2400,1080
xiaomi,xiaomi (134),Xiaomi Mi 11i 5G,280,8.1,support,dimensity,8,2.50,5160,1,67,6,128,7,120,3,android,108,16,1,1080,2400
xiaomi,xiaomi (134),Xiaomi Mi 11T Pro 5G,417,8.6,support,snapdragon,8,2.84,5000,1,120,8,128,7,120,3,android,108,16,0,2400,1080
xiaomi,xiaomi (134),Xiaomi Mi 11X,284,8.0,support,snapdragon,8,3.20,4520,1,33,6,128,7,120,3,android,48,20,0,2400,1080
xiaomi,xiaomi (134),Xiaomi Mi 11X 5G (8GB RAM + 128GB),309,8.3,support,snapdragon,8,3.20,4520,1,33,8,128,7,120,3,android,48,20,0,2400,1080
xiaomi,xiaomi (134),Xiaomi Mi 11X Pro,369,8.5,support,snapdragon,8,2.84,4520,1,33,8,128,7,120,3,android,108,20,0,2400,1080
xiaomi,xiaomi (134),Xiaomi Mi 12 5G,512,8.7,support,snapdragon,8,3.00,4500,1,67,8,128,6,120,3,android,50,32,0,2400,1080
xiaomi,xiaomi (134),Xiaomi Mi Mix Alpha,2381,7.5,support,snapdragon,8,2.96,4050,1,40,12,512,8,60,3,android,108,0,0,2250,2088
xiaomi,xiaomi (134),Xiaomi Mi Mix Fold,1309,7.5,support,snapdragon,8,2.84,5020,1,67,12,256,8,90,3,android,108,20,0,2480,1860
xiaomi,xiaomi (134),Xiaomi Mix Fold 2 5G,1274,7.5,support,snapdragon,8,3.20,4500,1,67,12,256,8,120,3,android,50,20,0,2160,1914
xiaomi,xiaomi (134),Xiaomi Poco F1,143,7.7,not support,snapdragon,8,2.80,4000,1,33,6,64,6,60,2,android,12,20,1,2246,1080
xiaomi,xiaomi (134),Xiaomi Poco F1 (6GB RAM + 128GB),155,7.8,not support,snapdragon,8,2.80,4000,1,33,6,128,6,60,2,android,12,20,1,2246,1080
xiaomi,xiaomi (134),Xiaomi Redmi 10,114,7.1,not support,snapdragon,8,2.40,6000,1,18,4,64,7,60,2,android,50,5,1,1600,720
xiaomi,xiaomi (134),Xiaomi Redmi 10 (6GB RAM + 128GB),143,7.5,not support,snapdragon,8,2.40,6000,1,18,6,128,7,60,2,android,50,5,1,1600,720
xiaomi,xiaomi (134),Xiaomi Redmi 10 Power,143,7.7,not support,snapdragon,8,2.40,6000,1,18,8,128,7,60,2,android,50,5,1,1650,720
xiaomi,xiaomi (134),Xiaomi Redmi 10 Prime,148,7.4,not support,helio,8,2.00,6000,1,18,4,64,7,90,4,android,50,8,1,2400,1080
xiaomi,xiaomi (134),Xiaomi Redmi 10 Prime (6GB RAM + 128GB),155,7.7,not support,helio,8,2.00,6000,1,18,6,128,7,90,4,android,50,8,1,2400,1080
xiaomi,xiaomi (134),Xiaomi Redmi 10 Prime Plus 5G,167,6.9,support,dimensity,8,2.20,5000,1,18,4,128,7,90,2,android,50,5,0,2408,1080
xiaomi,xiaomi (134),Xiaomi Redmi 10A,89,6.4,not support,helio,8,2.00,5000,0,0,3,32,7,60,1,android,13,5,1,1600,720
xiaomi,xiaomi (134),Xiaomi Redmi 10A (4GB RAM + 64GB),100,6.6,not support,helio,8,2.00,5000,0,0,4,64,7,60,1,android,13,5,1,1600,720
xiaomi,xiaomi (134),Xiaomi Redmi 10A (6GB RAM + 128GB),129,7.0,not support,helio,8,2.00,5000,0,0,6,128,7,60,1,android,13,5,1,1600,720
xiaomi,xiaomi (134),Xiaomi Redmi 10A Sport,119,6.9,not support,helio,8,2.00,5000,0,0,6,128,7,60,1,android,13,5,1,1600,720
xiaomi,xiaomi (134),Xiaomi Redmi 10C,167,7.1,not support,snapdragon,8,2.40,6000,1,18,4,64,7,60,2,android,50,5,1,1600,720
xiaomi,xiaomi (134),Xiaomi Redmi 10C (4GB RAM + 128GB),178,7.3,not support,snapdragon,8,2.40,6000,1,18,4,128,7,60,2,android,50,5,1,1600,720
xiaomi,xiaomi (134),Xiaomi Redmi 11 Prime,138,7.4,not support,helio,8,2.20,5000,1,18,4,64,7,90,3,android,50,8,1,2400,1080
xiaomi,xiaomi (134),Xiaomi Redmi 11 Prime (6GB RAM + 128GB),164,7.6,not support,helio,8,2.20,5000,1,18,6,128,7,90,3,android,50,8,1,2400,1080
xiaomi,xiaomi (134),Xiaomi Redmi 11 Prime 5G,160,7.4,support,dimensity,8,2.20,5000,1,18,4,64,7,90,2,android,50,5,1,2408,1080
xiaomi,xiaomi (134),Xiaomi Redmi 11 Prime 5G (6GB RAM + 128GB),190,7.7,support,dimensity,8,2.20,5000,1,18,6,128,7,90,2,android,50,5,1,2408,1080
xiaomi,xiaomi (134),Xiaomi Redmi 13 Prime 5G,214,7.9,support,snapdragon,8,2.00,5100,1,18,6,128,7,120,2,android,64,16,1,2408,1080
xiaomi,xiaomi (134),Xiaomi Redmi 20X,131,7.7,support,dimensity,8,2.20,5000,1,18,4,128,6,90,4,android,48,13,1,2340,1080
xiaomi,xiaomi (134),Xiaomi Redmi 8 (4GB RAM + 64GB),137,6.6,not support,snapdragon,8,2.00,5000,1,18,4,64,6,60,2,android,12,8,1,1520,720
xiaomi,xiaomi (134),Xiaomi Redmi 9,107,6.8,not support,helio,8,2.30,5000,0,0,4,64,7,60,2,android,13,5,1,1600,720
xiaomi,xiaomi (134),Xiaomi Redmi 9 Activ,89,6.8,not support,helio,8,2.30,5000,0,0,4,64,7,60,2,android,13,5,1,1600,720
xiaomi,xiaomi (134),Xiaomi Redmi 9 Activ (6GB RAM + 128GB),125,7.2,not support,helio,8,2.30,5000,0,0,6,128,7,60,2,android,13,5,1,1600,720
xiaomi,xiaomi (134),Xiaomi Redmi 9 Power,137,7.4,not support,snapdragon,8,2.00,6000,1,18,4,64,7,60,4,android,48,8,1,2340,1080
xiaomi,xiaomi (134),Xiaomi Redmi 9A,83,6.1,not support,helio,8,2.00,5000,0,0,2,32,7,60,1,android,13,5,1,1600,720
xiaomi,xiaomi (134),Xiaomi Redmi 9A (6GB RAM + 128GB),131,6.9,not support,helio,8,2.00,5000,0,0,6,128,7,60,1,android,13,5,1,1600,720
xiaomi,xiaomi (134),Xiaomi Redmi 9A Sport,77,6.1,not support,helio,8,2.00,5000,0,0,2,32,7,60,1,android,13,5,1,1600,720
xiaomi,xiaomi (134),Xiaomi Redmi 9i (4GB RAM + 128GB),111,6.7,not support,helio,8,2.00,5000,1,10,4,128,7,60,1,android,13,5,1,1600,720
xiaomi,xiaomi (134),Xiaomi Redmi 9i Sport,89,6.6,not support,helio,8,2.00,5000,1,10,4,64,7,60,1,android,13,5,1,1600,720
xiaomi,xiaomi (134),Xiaomi Redmi A1,73,7.5,not support,helio,4,2.00,5000,1,10,2,32,7,60,2,android,8,5,1,1600,720
xiaomi,xiaomi (134),Xiaomi Redmi A1 Plus,87,6.0,not support,helio,4,2.00,5000,1,10,2,32,7,60,2,android,8,5,1,1600,720
xiaomi,xiaomi (134),Xiaomi Redmi A1 Plus (3GB RAM + 32GB),100,6.1,not support,helio,4,2.00,5000,1,10,3,32,7,60,2,android,8,5,1,1600,720
xiaomi,xiaomi (134),Xiaomi Redmi K20 Pro Signature Edition,5714,8.8,not support,snapdragon,8,2.80,4000,1,27,8,256,6,60,3,android,48,20,0,2340,1080
xiaomi,xiaomi (134),Xiaomi Redmi K50 5G,333,8.3,support,dimensity,8,2.85,5500,1,67,8,128,7,120,3,android,48,20,0,3200,1440
xiaomi,xiaomi (134),Xiaomi Redmi K50 Ultra 5G,476,8.5,support,snapdragon,8,3.20,5000,1,120,8,128,7,144,3,android,108,20,0,2712,1220
xiaomi,xiaomi (134),Xiaomi Redmi K50i (8GB RAM + 256GB),310,8.5,support,dimensity,8,2.85,5080,1,67,8,256,7,144,3,android,64,16,0,2460,1080
xiaomi,xiaomi (134),Xiaomi Redmi K50i 5G,274,8.2,support,dimensity,8,2.85,5080,1,67,6,128,7,144,3,android,64,16,0,2460,1080
xiaomi,xiaomi (134),Xiaomi Redmi K60,357,8.4,support,snapdragon,8,3.20,5500,1,67,8,128,7,120,3,android,64,16,0,3200,1440
xiaomi,xiaomi (134),Xiaomi Redmi K60 Gaming Edition,655,8.6,support,snapdragon,8,3.20,5000,1,67,8,128,7,120,3,android,50,20,0,3200,1440
xiaomi,xiaomi (134),Xiaomi Redmi K60 Pro,464,8.5,support,snapdragon,8,3.20,5000,1,120,8,128,7,120,3,android,54,16,0,3200,1440
xiaomi,xiaomi (134),Xiaomi Redmi K60E,310,8.3,support,dimensity,8,3.10,5500,1,67,8,128,7,120,3,android,48,20,0,3200,1440
xiaomi,xiaomi (134),Xiaomi Redmi K60i,345,8.5,support,dimensity,8,3.10,5080,1,120,8,128,7,120,3,android,50,32,0,2460,1080
xiaomi,xiaomi (134),Xiaomi Redmi Note 10,167,7.5,not support,snapdragon,8,2.20,5000,1,33,4,64,6,60,4,android,48,13,1,2400,1080
xiaomi,xiaomi (134),Xiaomi Redmi Note 10 (6GB RAM + 128GB),196,7.8,not support,snapdragon,8,2.20,5000,1,33,6,128,6,60,4,android,48,13,1,2400,1080
xiaomi,xiaomi (134),Xiaomi Redmi Note 10 5G,149,7.6,support,dimensity,8,2.20,5000,1,18,4,128,7,90,3,android,48,8,1,2400,1080
xiaomi,xiaomi (134),Xiaomi Redmi Note 10 Lite,119,7.6,not support,snapdragon,8,2.30,5020,1,18,4,64,7,60,4,android,48,16,1,2400,1080
xiaomi,xiaomi (134),Xiaomi Redmi Note 10 Lite (4GB RAM + 128GB),149,7.7,not support,snapdragon,8,2.30,5020,1,18,4,128,7,60,4,android,48,16,1,2400,1080
xiaomi,xiaomi (134),Xiaomi Redmi Note 10 Lite (6GB RAM + 128GB),143,8.0,not support,snapdragon,8,2.30,5020,1,18,6,128,7,60,4,android,48,16,1,2400,1080
xiaomi,xiaomi (134),Xiaomi Redmi Note 10 Pro (6GB RAM + 128GB),214,8.1,not support,snapdragon,8,2.30,5020,1,33,6,128,7,120,4,android,64,16,1,2400,1080
xiaomi,xiaomi (134),Xiaomi Redmi Note 10 Pro 5G,202,8.3,support,dimensity,8,2.60,5000,1,67,6,128,7,120,3,android,64,16,1,2400,1080
xiaomi,xiaomi (134),Xiaomi Redmi Note 10 Pro Max,238,8.1,not support,snapdragon,8,2.30,5020,1,33,6,64,7,120,4,android,108,16,1,2400,1080
xiaomi,xiaomi (134),Xiaomi Redmi Note 10 Pro Max (6GB RAM + 128GB),238,8.2,not support,snapdragon,8,2.30,5020,1,33,6,128,7,120,4,android,108,16,1,2400,1080
xiaomi,xiaomi (134),Xiaomi Redmi Note 10S,131,7.8,not support,helio,8,2.05,5000,1,33,6,64,6,60,4,android,64,13,1,2400,1080
xiaomi,xiaomi (134),Xiaomi Redmi Note 10S (6GB RAM + 128GB),143,7.9,not support,helio,8,2.05,5000,1,33,6,128,6,60,4,android,64,13,1,2400,1080
xiaomi,xiaomi (134),Xiaomi Redmi Note 10S (8GB RAM + 128GB),167,8.2,not support,helio,8,2.05,5000,1,33,8,128,6,60,4,android,64,13,1,2400,1080
xiaomi,xiaomi (134),Xiaomi Redmi Note 10T 5G,155,7.5,support,dimensity,8,2.20,5000,1,18,4,64,7,90,3,android,48,8,1,2400,1080
xiaomi,xiaomi (134),Xiaomi Redmi Note 10T 5G (6GB RAM +128GB),167,7.9,support,dimensity,8,2.20,5000,1,18,6,128,7,90,3,android,48,8,1,2400,1080
xiaomi,xiaomi (134),Xiaomi Redmi Note 11,142,7.6,not support,snapdragon,8,2.40,5000,1,33,4,64,6,90,4,android,50,13,1,2400,1080
xiaomi,xiaomi (134),Xiaomi Redmi Note 11 (6GB RAM + 128GB),170,8.0,not support,snapdragon,8,2.40,5000,1,33,6,128,6,90,4,android,50,13,1,2400,1080
xiaomi,xiaomi (134),Xiaomi Redmi Note 11 (6GB RAM + 64GB),145,7.9,not support,snapdragon,8,2.40,5000,1,33,6,64,6,90,4,android,50,13,1,2400,1080
xiaomi,xiaomi (134),Xiaomi Redmi Note 11 5G,178,7.7,support,dimensity,8,2.40,5000,1,33,4,128,7,90,2,android,50,16,1,2400,1080
xiaomi,xiaomi (134),Xiaomi Redmi Note 11 Pro 4G,214,8.1,not support,helio,8,2.05,5000,1,67,6,128,7,120,4,android,108,16,1,2400,1080
xiaomi,xiaomi (134),Xiaomi Redmi Note 11 Pro 5G,214,8.1,support,snapdragon,8,2.20,5000,1,67,6,64,7,120,3,android,108,16,1,2400,1080
xiaomi,xiaomi (134),Xiaomi Redmi Note 11 Pro Max 5G,238,8.3,support,snapdragon,8,2.40,5200,1,33,6,128,7,120,4,android,108,32,1,2400,1080
xiaomi,xiaomi (134),Xiaomi Redmi Note 11 Pro Plus 5G,238,8.3,support,snapdragon,8,2.20,5000,1,67,6,128,7,120,3,android,108,16,1,2400,1080
xiaomi,xiaomi (134),Xiaomi Redmi Note 11 Pro Plus 5G (8GB RAM + 128GB),270,8.6,support,snapdragon,8,2.20,5000,1,67,8,128,7,120,3,android,108,16,1,2400,1080
xiaomi,xiaomi (134),Xiaomi Redmi Note 11 Pro Plus 5G (8GB RAM + 256GB),274,8.7,support,snapdragon,8,2.20,5000,1,67,8,256,7,120,3,android,108,16,1,2400,1080
xiaomi,xiaomi (134),Xiaomi Redmi Note 11E 5G,167,6.9,support,dimensity,8,2.20,5000,1,18,4,128,7,90,2,android,50,5,0,2408,1080
xiaomi,xiaomi (134),Xiaomi Redmi Note 11R,155,7.3,support,dimensity,8,2.20,5000,1,18,4,128,7,90,2,android,13,5,1,2400,1080
xiaomi,xiaomi (134),Xiaomi Redmi Note 11S,174,8.0,not support,helio,8,2.05,5000,1,33,6,64,6,90,4,android,108,16,1,2400,1080
xiaomi,xiaomi (134),Xiaomi Redmi Note 11S (6GB RAM + 128GB),185,8.1,not support,helio,8,2.05,5000,1,33,6,128,6,90,4,android,108,16,1,2400,1080
xiaomi,xiaomi (134),Xiaomi Redmi Note 11S (8GB RAM + 128GB),188,8.4,not support,helio,8,2.05,5000,1,33,8,128,6,90,4,android,108,16,1,2400,1080
xiaomi,xiaomi (134),Xiaomi Redmi Note 11SE,143,8.0,not support,helio,8,2.05,5000,1,33,6,64,6,60,4,android,64,13,1,2400,1080
xiaomi,xiaomi (134),Xiaomi Redmi Note 11T 5G,202,7.9,support,dimensity,8,2.40,5000,1,33,6,64,7,90,2,android,50,16,1,2400,1080
xiaomi,xiaomi (134),Xiaomi Redmi Note 11T 5G (6GB RAM + 128GB),202,8.1,support,dimensity,8,2.40,5000,1,33,6,128,7,90,2,android,50,16,1,2400,1080
xiaomi,xiaomi (134),Xiaomi Redmi Note 11T 5G (8GB RAM + 128GB),220,8.3,support,dimensity,8,2.40,5000,1,33,8,128,7,90,2,android,50,16,1,2400,1080
xiaomi,xiaomi (134),Xiaomi Redmi Note 11T Pro 5G,238,8.2,support,dimensity,8,2.85,5080,1,67,6,128,7,144,3,android,64,16,1,2460,1080
xiaomi,xiaomi (134),Xiaomi Redmi Note 12,213,7.6,not support,snapdragon,8,2.00,5000,1,33,4,128,7,120,3,android,48,13,1,2400,1080
xiaomi,xiaomi (134),Xiaomi Redmi Note 12 (6GB RAM + 128GB),238,7.9,not support,snapdragon,8,2.00,5000,1,33,6,128,7,120,3,android,48,13,1,2400,1080
xiaomi,xiaomi (134),Xiaomi Redmi Note 12 4G,167,7.5,not support,helio,8,2.20,5000,1,33,4,64,7,120,3,android,48,13,1,2400,1080
xiaomi,xiaomi (134),Xiaomi Redmi Note 12 Discovery Edition,321,8.6,support,dimensity,8,2.60,4300,1,210,8,256,7,120,3,android,200,16,0,2400,1080
xiaomi,xiaomi (134),Xiaomi Redmi Note 12 Explorer,298,8.9,support,dimensity,8,2.60,4300,1,120,8,256,7,120,3,android,200,16,1,2400,1080
xiaomi,xiaomi (134),Xiaomi Redmi Note 12 Pro (8GB RAM + 128GB),321,8.2,support,dimensity,8,2.60,5000,1,67,8,128,7,120,3,android,50,16,0,2400,1080
xiaomi,xiaomi (134),Xiaomi Redmi Note 12 Pro (8GB RAM + 256GB),333,8.2,support,dimensity,8,2.60,5000,1,67,8,256,7,120,3,android,50,16,0,2400,1080
xiaomi,xiaomi (134),Xiaomi Redmi Note 12 Pro 4G,179,7.7,not support,snapdragon,8,2.30,5000,1,67,6,128,7,120,3,android,50,16,0,2400,1080
xiaomi,xiaomi (134),Xiaomi Redmi Note 12 Pro 5G,295,7.9,support,dimensity,8,2.60,5000,1,67,6,128,7,120,3,android,50,16,0,2400,1080
xiaomi,xiaomi (134),Xiaomi Redmi Note 12 Pro Max 5G,393,8.3,support,snapdragon,8,2.36,5200,1,210,6,128,7,120,4,android,108,32,1,2460,1080
xiaomi,xiaomi (134),Xiaomi Redmi Note 12 Pro Plus,357,8.6,support,dimensity,8,2.60,4980,1,120,8,256,7,120,3,android,200,16,0,2400,1080
xiaomi,xiaomi (134),Xiaomi Redmi Note 12 Pro Plus (12GB RAM + 256GB),393,8.7,support,dimensity,8,2.60,4980,1,120,12,256,7,120,3,android,200,16,0,2400,1080
xiaomi,xiaomi (134),Xiaomi Redmi Note 12 Pro Plus (6GB RAM + 128GB),321,8.4,support,dimensity,8,2.60,4980,1,120,6,128,7,120,3,android,200,16,0,2400,1080
xiaomi,xiaomi (134),Xiaomi Redmi Note 12 Turbo,238,8.1,support,snapdragon,8,2.40,5000,1,67,8,128,7,120,3,android,50,16,0,2400,1080
xiaomi,xiaomi (134),Xiaomi Redmi Note 12T 5G,190,7.8,support,dimensity,8,2.00,5000,1,33,6,64,7,90,3,android,64,16,1,2400,1080
xiaomi,xiaomi (134),Xiaomi Redmi Note 13 Pro 5G,214,7.8,support,dimensity,8,2.00,5000,1,67,6,128,7,120,3,android,108,16,0,2460,1080
xiaomi,xiaomi (134),Xiaomi Redmi Note 13 Pro Max 5G,244,8.3,support,snapdragon,8,2.36,5200,1,67,6,128,7,120,4,android,108,32,1,2460,1080
xiaomi,xiaomi (134),Xiaomi Redmi Note 4,123,6.5,not support,snapdragon,8,2.00,4100,0,0,4,64,6,60,1,android,13,5,1,1920,1080
xiaomi,xiaomi (134),Xiaomi Redmi Note 8 2021,119,7.5,not support,helio,8,2.00,4000,1,18,4,64,6,60,4,android,48,13,1,2340,1080
xiaomi,xiaomi (134),Xiaomi Redmi Note 8 Pro,202,7.8,not support,helio,8,2.05,4500,1,18,6,64,7,60,4,android,64,20,1,2340,1080
xiaomi,xiaomi (134),Xiaomi Redmi Note 9,143,7.5,not support,helio,8,2.00,5020,1,22,4,64,7,60,4,android,48,13,1,2340,1080
xiaomi,xiaomi (134),Xiaomi Redmi Note 9 Pro,167,7.5,not support,snapdragon,8,2.30,5020,1,18,4,64,7,60,4,android,48,16,1,2400,1080
xiaomi,xiaomi (134),Xiaomi Redmi Note 9 Pro (4GB RAM + 128GB),172,7.7,not support,snapdragon,8,2.30,5020,1,18,4,128,7,60,4,android,48,16,1,2400,1080
xiaomi,xiaomi (134),Xiaomi Redmi Note 9 Pro Max,196,8.0,not support,snapdragon,8,2.30,5020,1,33,6,64,7,60,4,android,64,32,1,2400,1080
